test (ubuntu-latest, 3.11)	Run pytest	﻿2026-10-01T08:02:27.5597001Z ##[group]Run pytest drift_gate/tests/ -v --tb=short
test (ubuntu-latest, 3.11)	Run pytest	2026-10-01T08:02:27.5597413Z ^[[36;1mpytest drift_gate/tests/ -v --tb=short^[[0m
test (ubuntu-latest, 3.11)	Run pytest	2026-10-01T08:02:27.5637086Z shell: /usr/bin/bash -e {0}
test (ubuntu-latest, 3.11)	Run pytest	2026-10-01T08:02:27.5637360Z env:
test (ubuntu-latest, 3.11)	Run pytest	2026-10-01T08:02:27.5637630Z   pythonLocation: /opt/hostedtoolcache/Python/3.11.16/x64
test (ubuntu-latest, 3.11)	Run pytest	2026-10-01T08:02:27.5638053Z   PKG_CONFIG_PATH: /opt/hostedtoolcache/Python/3.11.16/x64/lib/pkgconfig
test (ubuntu-latest, 3.11)	Run pytest	2026-10-01T08:02:27.5638464Z   Python_ROOT_DIR: /opt/hostedtoolcache/Python/3.11.16/x64
test (ubuntu-latest, 3.11)	Run pytest	2026-10-01T08:02:27.5638838Z   Python2_ROOT_DIR: /opt/hostedtoolcache/Python/3.11.16/x64
test (ubuntu-latest, 3.11)	Run pytest	2026-10-01T08:02:27.5639204Z   Python3_ROOT_DIR: /opt/hostedtoolcache/Python/3.11.16/x64
test (ubuntu-latest, 3.11)	Run pytest	2026-10-01T08:02:27.5639573Z   LD_LIBRARY_PATH: /opt/hostedtoolcache/Python/3.11.16/x64/lib
test (ubuntu-latest, 3.11)	Run pytest	2026-10-01T08:02:27.5639905Z ##[endgroup]
test (ubuntu-latest, 3.11)	Run pytest	2026-10-01T08:02:27.8751182Z ============================= test session starts ==============================
test (ubuntu-latest, 3.11)	Run pytest	2026-10-01T08:02:27.8752463Z platform linux -- Python 3.11.16, pytest-9.1.1, pluggy-1.6.0 -- /opt/hostedtoolcache/Python/3.11.16/x64/bin/python
test (ubuntu-latest, 3.11)	Run pytest	2026-10-01T08:02:27.8753572Z cachedir: .pytest_cache
test (ubuntu-latest, 3.11)	Run pytest	2026-10-01T08:02:27.8754005Z rootdir: /home/runner/work/pr-convention-checker/pr-convention-checker
test (ubuntu-latest, 3.11)	Run pytest	2026-10-01T08:02:27.8754459Z configfile: pyproject.toml
test (ubuntu-latest, 3.11)	Run pytest	2026-10-01T08:02:28.9749680Z collecting ... collected 665 items / 2 skipped
test (ubuntu-latest, 3.11)	Run pytest	2026-10-01T08:02:28.9750152Z
test (ubuntu-latest, 3.11)	Run pytest	2026-10-01T08:02:28.9784208Z drift_gate/tests/test_contract_route_regressions.py::test_route_examples_do_not_trigger_a_contract[+message = "@app.get('/sample')"\n-src/routes/users.py] PASSED [  0%]
test (ubuntu-latest, 3.11)	Run pytest	2026-10-01T08:02:28.9794718Z drift_gate/tests/test_contract_route_regressions.py::test_route_examples_do_not_trigger_a_contract[+const example = "app.post('/sample')";\n-src/routes/users.js] PASSED [  0%]
test (ubuntu-latest, 3.11)	Run pytest	2026-10-01T08:02:28.9803599Z drift_gate/tests/test_contract_route_regressions.py::test_route_examples_do_not_trigger_a_contract[+# @app.get('/sample')\n-src/routes/users.py] PASSED [  0%]
test (ubuntu-latest, 3.11)	Run pytest	2026-10-01T08:02:28.9821134Z drift_gate/tests/test_contract_route_regressions.py::test_head_and_options_are_classified_and_require_matching_docs[@app.{method}('/health')-src/routes/users.py-head] PASSED [  0%]
test (ubuntu-latest, 3.11)	Run pytest	2026-10-01T08:02:28.9832741Z drift_gate/tests/test_contract_route_regressions.py::test_head_and_options_are_classified_and_require_matching_docs[@app.{method}('/health')-src/routes/users.py-options] PASSED [  0%]
test (ubuntu-latest, 3.11)	Run pytest	2026-10-01T08:02:28.9844093Z drift_gate/tests/test_contract_route_regressions.py::test_head_and_options_are_classified_and_require_matching_docs[router.{method}('/health', handler)-src/routes/users.js-head] PASSED [  0%]
test (ubuntu-latest, 3.11)	Run pytest	2026-10-01T08:02:28.9854901Z drift_gate/tests/test_contract_route_regressions.py::test_head_and_options_are_classified_and_require_matching_docs[router.{method}('/health', handler)-src/routes/users.js-options] PASSED [  1%]
test (ubuntu-latest, 3.11)	Run pytest	2026-10-01T08:02:28.9865737Z drift_gate/tests/test_contract_route_regressions.py::test_removed_method_also_requires_a_documented_removal[head] PASSED [  1%]
test (ubuntu-latest, 3.11)	Run pytest	2026-10-01T08:02:28.9876226Z drift_gate/tests/test_contract_route_regressions.py::test_removed_method_also_requires_a_documented_removal[options] PASSED [  1%]
test (ubuntu-latest, 3.11)	Run pytest	2026-10-01T08:02:28.9888855Z drift_gate/tests/test_contract_route_regressions.py::test_markdown_table_covers_exact_route_replacement PASSED [  1%]
test (ubuntu-latest, 3.11)	Run pytest	2026-10-01T08:02:28.9893847Z drift_gate/tests/test_contract_route_regressions.py::test_unrelated_table_cells_do_not_form_a_route PASSED [  1%]
test (ubuntu-latest, 3.11)	Run pytest	2026-10-01T08:02:28.9900042Z drift_gate/tests/test_contract_route_regressions.py::test_existing_indented_route_and_plain_doc_format_still_work PASSED [  1%]
test (ubuntu-latest, 3.11)	Run pytest	2026-10-01T08:02:29.0110164Z drift_gate/tests/test_desktop_service.py::test_scan_selected_repo_without_changing_process_directory PASSED [  1%]
test (ubuntu-latest, 3.11)	Run pytest	2026-10-01T08:02:29.0235338Z drift_gate/tests/test_desktop_service.py::test_invalid_base_is_error_not_empty_pass PASSED [  2%]
test (ubuntu-latest, 3.11)	Run pytest	2026-10-01T08:02:29.0241416Z drift_gate/tests/test_desktop_service.py::test_empty_repository_path_is_error PASSED [  2%]
test (ubuntu-latest, 3.11)	Run pytest	2026-10-01T08:02:29.0354607Z drift_gate/tests/test_desktop_service.py::test_missing_policy_is_error PASSED [  2%]
test (ubuntu-latest, 3.11)	Run pytest	2026-10-01T08:02:29.0369571Z drift_gate/tests/test_desktop_service.py::test_resolve_document_allows_only_text_files_inside_repository PASSED [  2%]
test (ubuntu-latest, 3.11)	Run pytest	2026-10-01T08:02:29.0380765Z drift_gate/tests/test_development_regressions.py::test_frozen_environment_content_cases[E01-missing-sample] PASSED [  2%]
test (ubuntu-latest, 3.11)	Run pytest	2026-10-01T08:02:29.0391107Z drift_gate/tests/test_development_regressions.py::test_frozen_environment_content_cases[E02-unrelated-key] PASSED [  2%]
test (ubuntu-latest, 3.11)	Run pytest	2026-10-01T08:02:29.0400044Z drift_gate/tests/test_development_regressions.py::test_frozen_environment_content_cases[E03-correct-key] PASSED [  3%]
test (ubuntu-latest, 3.11)	Run pytest	2026-10-01T08:02:29.0409034Z drift_gate/tests/test_development_regressions.py::test_frozen_environment_content_cases[E04-unchanged-sample-already-has-key] PASSED [  3%]
test (ubuntu-latest, 3.11)	Run pytest	2026-10-01T08:02:29.0419368Z drift_gate/tests/test_development_regressions.py::test_frozen_environment_content_cases[E05-comment-only-sample] PASSED [  3%]
test (ubuntu-latest, 3.11)	Run pytest	2026-10-01T08:02:29.0428023Z drift_gate/tests/test_development_regressions.py::test_frozen_environment_content_cases[E06-code-comment-only] PASSED [  3%]
test (ubuntu-latest, 3.11)	Run pytest	2026-10-01T08:02:29.0437398Z drift_gate/tests/test_development_regressions.py::test_frozen_environment_content_cases[E07-existing-key-implementation-change] PASSED [  3%]
test (ubuntu-latest, 3.11)	Run pytest	2026-10-01T08:02:29.0447136Z drift_gate/tests/test_development_regressions.py::test_frozen_environment_content_cases[E08-document-content-unavailable] PASSED [  3%]
test (ubuntu-latest, 3.11)	Run pytest	2026-10-01T08:02:29.0457738Z drift_gate/tests/test_development_regressions.py::test_frozen_challenge[C01-route-without-docs] PASSED [  3%]
test (ubuntu-latest, 3.11)	Run pytest	2026-10-01T08:02:29.0467938Z drift_gate/tests/test_development_regressions.py::test_frozen_challenge[C02-unrelated-doc-typo] PASSED [  4%]
test (ubuntu-latest, 3.11)	Run pytest	2026-10-01T08:02:29.0477258Z drift_gate/tests/test_development_regressions.py::test_frozen_challenge[C03-related-doc-update] PASSED [  4%]
test (ubuntu-latest, 3.11)	Run pytest	2026-10-01T08:02:29.0487226Z drift_gate/tests/test_development_regressions.py::test_frozen_challenge[C04-deleted-api-file] PASSED [  4%]
test (ubuntu-latest, 3.11)	Run pytest	2026-10-01T08:02:29.0497119Z drift_gate/tests/test_development_regressions.py::test_frozen_challenge[C05-missing-api-patch] PASSED [  4%]
test (ubuntu-latest, 3.11)	Run pytest	2026-10-01T08:02:29.0527096Z drift_gate/tests/test_development_regressions.py::test_frozen_challenge[C06-unverified-approval] PASSED [  4%]
test (ubuntu-latest, 3.11)	Run pytest	2026-10-01T08:02:29.0528164Z drift_gate/tests/test_development_regressions.py::test_frozen_challenge[C07-comment-only] PASSED [  4%]
test (ubuntu-latest, 3.11)	Run pytest	2026-10-01T08:02:29.0529092Z drift_gate/tests/test_development_regressions.py::test_frozen_challenge[C08-implementation-only] PASSED [  4%]
test (ubuntu-latest, 3.11)	Run pytest	2026-10-01T08:02:29.0537109Z drift_gate/tests/test_development_regressions.py::test_unavailable_patch_cannot_be_satisfied_by_unrelated_docs[] PASSED [  5%]
test (ubuntu-latest, 3.11)	Run pytest	2026-10-01T08:02:29.0546689Z drift_gate/tests/test_development_regressions.py::test_unavailable_patch_cannot_be_satisfied_by_unrelated_docs[[large file skipped]] PASSED [  5%]
test (ubuntu-latest, 3.11)	Run pytest	2026-10-01T08:02:29.0557081Z drift_gate/tests/test_development_regressions.py::test_unavailable_patch_cannot_be_satisfied_by_unrelated_docs[[binary file skipped]] PASSED [  5%]
test (ubuntu-latest, 3.11)	Run pytest	2026-10-01T08:02:29.0881007Z drift_gate/tests/test_development_regressions.py::test_grammar_failure_is_visible_without_changing_rule_result FAILED [  5%]
test (ubuntu-latest, 3.11)	Run pytest	2026-10-01T08:02:29.0938082Z drift_gate/tests/test_development_regressions.py::test_valid_grammar_status_and_unicode FAILED [  5%]
test (ubuntu-latest, 3.11)	Run pytest	2026-10-01T08:02:29.0943594Z drift_gate/tests/test_development_regressions.py::test_partial_patch_reports_recovery PASSED [  5%]
test (ubuntu-latest, 3.11)	Run pytest	2026-10-01T08:02:29.0952199Z drift_gate/tests/test_development_regressions.py::test_deleted_route_without_enrichment_still_triggers PASSED [  6%]
test (ubuntu-latest, 3.11)	Run pytest	2026-10-01T08:02:29.0958468Z drift_gate/tests/test_development_regressions.py::test_comment_containing_route_does_not_trigger PASSED [  6%]
test (ubuntu-latest, 3.11)	Run pytest	2026-10-01T08:02:29.0970531Z drift_gate/tests/test_development_regressions.py::test_endpoint_method_and_removal_must_be_documented PASSED [  6%]
test (ubuntu-latest, 3.11)	Run pytest	2026-10-01T08:02:29.0977495Z drift_gate/tests/test_development_regressions.py::test_path_only_compatibility_mode PASSED [  6%]
test (ubuntu-latest, 3.11)	Run pytest	2026-10-01T08:02:29.0986352Z drift_gate/tests/test_development_regressions.py::test_ignore_directives_do_not_borrow_reason_or_expiry PASSED [  6%]
test (ubuntu-latest, 3.11)	Run pytest	2026-10-01T08:02:29.0994438Z drift_gate/tests/test_development_regressions.py::test_json_cannot_supply_approval_proof PASSED [  6%]
test (ubuntu-latest, 3.11)	Run pytest	2026-10-01T08:02:29.1002289Z drift_gate/tests/test_development_regressions.py::test_current_codeowner_approval_allows_exception PASSED [  6%]
test (ubuntu-latest, 3.11)	Run pytest	2026-10-01T08:02:29.1013266Z drift_gate/tests/test_development_regressions.py::test_unverified_or_stale_approvals_do_not_bypass[fake0] PASSED [  7%]
test (ubuntu-latest, 3.11)	Run pytest	2026-10-01T08:02:29.1023216Z drift_gate/tests/test_development_regressions.py::test_unverified_or_stale_approvals_do_not_bypass[fake1] PASSED [  7%]
test (ubuntu-latest, 3.11)	Run pytest	2026-10-01T08:02:29.1034044Z drift_gate/tests/test_development_regressions.py::test_unverified_or_stale_approvals_do_not_bypass[fake2] PASSED [  7%]
test (ubuntu-latest, 3.11)	Run pytest	2026-10-01T08:02:29.1046317Z drift_gate/tests/test_development_regressions.py::test_unverified_or_stale_approvals_do_not_bypass[fake3] PASSED [  7%]
test (ubuntu-latest, 3.11)	Run pytest	2026-10-01T08:02:29.1057827Z drift_gate/tests/test_development_regressions.py::test_unverified_or_stale_approvals_do_not_bypass[fake4] PASSED [  7%]
test (ubuntu-latest, 3.11)	Run pytest	2026-10-01T08:02:29.1068724Z drift_gate/tests/test_development_regressions.py::test_unverified_or_stale_approvals_do_not_bypass[fake5] PASSED [  7%]
test (ubuntu-latest, 3.11)	Run pytest	2026-10-01T08:02:29.1079529Z drift_gate/tests/test_development_regressions.py::test_unverified_or_stale_approvals_do_not_bypass[fake6] PASSED [  7%]
test (ubuntu-latest, 3.11)	Run pytest	2026-10-01T08:02:29.1090492Z drift_gate/tests/test_development_regressions.py::test_unverified_or_stale_approvals_do_not_bypass[fake7] PASSED [  8%]
test (ubuntu-latest, 3.11)	Run pytest	2026-10-01T08:02:29.1101090Z drift_gate/tests/test_development_regressions.py::test_unverified_or_stale_approvals_do_not_bypass[fake8] PASSED [  8%]
test (ubuntu-latest, 3.11)	Run pytest	2026-10-01T08:02:29.1112109Z drift_gate/tests/test_development_regressions.py::test_unverified_or_stale_approvals_do_not_bypass[fake9] PASSED [  8%]
test (ubuntu-latest, 3.11)	Run pytest	2026-10-01T08:02:29.1122006Z drift_gate/tests/test_development_regressions.py::test_unverified_or_stale_approvals_do_not_bypass[fake10] PASSED [  8%]
test (ubuntu-latest, 3.11)	Run pytest	2026-10-01T08:02:29.1128869Z drift_gate/tests/test_development_regressions.py::test_later_comment_does_not_cancel_valid_approval PASSED [  8%]
test (ubuntu-latest, 3.11)	Run pytest	2026-10-01T08:02:29.1140810Z drift_gate/tests/test_development_regressions.py::test_team_membership_approval_and_failure PASSED [  8%]
test (ubuntu-latest, 3.11)	Run pytest	2026-10-01T08:02:29.1149154Z drift_gate/tests/test_development_regressions.py::test_codeowner_last_match_and_directory_rules PASSED [  9%]
test (ubuntu-latest, 3.11)	Run pytest	2026-10-01T08:02:29.1158592Z drift_gate/tests/test_development_regressions.py::test_codeowner_without_write_access_is_not_eligible PASSED [  9%]
test (ubuntu-latest, 3.11)	Run pytest	2026-10-01T08:02:29.1165361Z drift_gate/tests/test_development_regressions.py::test_collection_rejects_pr_moving_during_pagination PASSED [  9%]
test (ubuntu-latest, 3.11)	Run pytest	2026-10-01T08:02:29.1184488Z drift_gate/tests/test_development_regressions.py::test_unchanged_sample_is_checked_and_values_are_not_retained PASSED [  9%]
test (ubuntu-latest, 3.11)	Run pytest	2026-10-01T08:02:29.1191438Z drift_gate/tests/test_development_regressions.py::test_env_document_policy_requires_safe_explicit_paths[../outside] PASSED [  9%]
test (ubuntu-latest, 3.11)	Run pytest	2026-10-01T08:02:29.1201600Z drift_gate/tests/test_development_regressions.py::test_env_document_policy_requires_safe_explicit_paths[/etc/passwd] PASSED [  9%]
test (ubuntu-latest, 3.11)	Run pytest	2026-10-01T08:02:29.1210632Z drift_gate/tests/test_development_regressions.py::test_env_document_policy_requires_safe_explicit_paths[config/*.env] PASSED [  9%]
test (ubuntu-latest, 3.11)	Run pytest	2026-10-01T08:02:29.4209339Z drift_gate/tests/test_development_regressions.py::test_cli_reads_unchanged_sample_from_working_tree[PAYMENT_TIMEOUT=example\n-pass] PASSED [ 10%]
test (ubuntu-latest, 3.11)	Run pytest	2026-10-01T08:02:29.7192970Z drift_gate/tests/test_development_regressions.py::test_cli_reads_unchanged_sample_from_working_tree[OTHER=example\n-fail] PASSED [ 10%]
test (ubuntu-latest, 3.11)	Run pytest	2026-10-01T08:02:29.7207197Z drift_gate/tests/test_development_regressions.py::test_github_removed_document_is_not_a_requirement_update PASSED [ 10%]
test (ubuntu-latest, 3.11)	Run pytest	2026-10-01T08:02:29.7219809Z drift_gate/tests/test_development_regressions.py::test_moving_doc_out_of_required_path_does_not_satisfy_group PASSED [ 10%]
test (ubuntu-latest, 3.11)	Run pytest	2026-10-01T08:02:29.7237410Z drift_gate/tests/test_doc_links.py::test_relative_links_resolve_from_the_document_folder PASSED [ 10%]
test (ubuntu-latest, 3.11)	Run pytest	2026-10-01T08:02:29.7249203Z drift_gate/tests/test_doc_links.py::test_urls_anchors_and_mail_links_are_not_checked PASSED [ 10%]
test (ubuntu-latest, 3.11)	Run pytest	2026-10-01T08:02:29.7259675Z drift_gate/tests/test_doc_links.py::test_code_blocks_and_placeholder_paths_are_ignored PASSED [ 10%]
test (ubuntu-latest, 3.11)	Run pytest	2026-10-01T08:02:29.7274428Z drift_gate/tests/test_doc_links.py::test_backtick_path_is_accepted_from_repository_root_or_document_folder PASSED [ 11%]
test (ubuntu-latest, 3.11)	Run pytest	2026-10-01T08:02:29.7288248Z drift_gate/tests/test_doc_links.py::test_partial_path_naming_the_tail_of_a_repository_file_is_not_reported PASSED [ 11%]
test (ubuntu-latest, 3.11)	Run pytest	2026-10-01T08:02:29.7300970Z drift_gate/tests/test_doc_links.py::test_case_mismatch_and_gitignored_files PASSED [ 11%]
test (ubuntu-latest, 3.11)	Run pytest	2026-10-01T08:02:29.7311870Z drift_gate/tests/test_doc_links.py::test_reference_style_links_are_checked PASSED [ 11%]
test (ubuntu-latest, 3.11)	Run pytest	2026-10-01T08:02:29.7637404Z drift_gate/tests/test_doc_links.py::test_check_references_reads_the_saved_baseline_documents PASSED [ 11%]
test (ubuntu-latest, 3.11)	Run pytest	2026-10-01T08:02:29.7642649Z drift_gate/tests/test_docs_check.py::TestExtractCliCommands::test_extracts_from_bash_code_block PASSED [ 11%]
test (ubuntu-latest, 3.11)	Run pytest	2026-10-01T08:02:29.7647961Z drift_gate/tests/test_docs_check.py::TestExtractCliCommands::test_extracts_multiple_commands PASSED [ 12%]
test (ubuntu-latest, 3.11)	Run pytest	2026-10-01T08:02:29.7653019Z drift_gate/tests/test_docs_check.py::TestExtractCliCommands::test_extracts_from_inline_backtick PASSED [ 12%]
test (ubuntu-latest, 3.11)	Run pytest	2026-10-01T08:02:29.7658121Z drift_gate/tests/test_docs_check.py::TestExtractCliCommands::test_ignores_pip_and_git PASSED [ 12%]
test (ubuntu-latest, 3.11)	Run pytest	2026-10-01T08:02:29.7663112Z drift_gate/tests/test_docs_check.py::TestExtractCliCommands::test_deduplicates_commands PASSED [ 12%]
test (ubuntu-latest, 3.11)	Run pytest	2026-10-01T08:02:29.7668108Z drift_gate/tests/test_docs_check.py::TestExtractCliCommands::test_no_commands_in_plain_text PASSED [ 12%]
test (ubuntu-latest, 3.11)	Run pytest	2026-10-01T08:02:29.7673641Z drift_gate/tests/test_docs_check.py::TestExtractJsonKeys::test_extracts_top_level_keys PASSED [ 12%]
test (ubuntu-latest, 3.11)	Run pytest	2026-10-01T08:02:29.7678734Z drift_gate/tests/test_docs_check.py::TestExtractJsonKeys::test_skips_malformed_json PASSED [ 12%]
test (ubuntu-latest, 3.11)	Run pytest	2026-10-01T08:02:29.7683910Z drift_gate/tests/test_docs_check.py::TestExtractJsonKeys::test_empty_document PASSED [ 13%]
test (ubuntu-latest, 3.11)	Run pytest	2026-10-01T08:02:29.7689312Z drift_gate/tests/test_docs_check.py::TestExtractJsonKeys::test_nested_keys_not_included PASSED [ 13%]
test (ubuntu-latest, 3.11)	Run pytest	2026-10-01T08:02:29.7694674Z drift_gate/tests/test_docs_check.py::TestGetEvaluationResultKeys::test_returns_expected_keys PASSED [ 13%]
test (ubuntu-latest, 3.11)	Run pytest	2026-10-01T08:02:29.7700021Z drift_gate/tests/test_docs_check.py::TestGetEvaluationResultKeys::test_returns_sorted_list PASSED [ 13%]
test (ubuntu-latest, 3.11)	Run pytest	2026-10-01T08:02:29.7738873Z drift_gate/tests/test_docs_check.py::TestGetArgparseCommands::test_returns_known_commands PASSED [ 13%]
test (ubuntu-latest, 3.11)	Run pytest	2026-10-01T08:02:29.7777607Z drift_gate/tests/test_docs_check.py::TestGetArgparseCommands::test_docs_check_accepts_positional_docs_file PASSED [ 13%]
test (ubuntu-latest, 3.11)	Run pytest	2026-10-01T08:02:29.7814744Z drift_gate/tests/test_docs_check.py::TestGetArgparseCommands::test_report_out_alias_maps_to_markdown_output PASSED [ 13%]
test (ubuntu-latest, 3.11)	Run pytest	2026-10-01T08:02:29.7822041Z drift_gate/tests/test_docs_check.py::TestFindStaleLimitations::test_detects_no_historical_tracking PASSED [ 14%]
test (ubuntu-latest, 3.11)	Run pytest	2026-10-01T08:02:29.7827430Z drift_gate/tests/test_docs_check.py::TestFindStaleLimitations::test_no_false_positive_on_clean_text PASSED [ 14%]
test (ubuntu-latest, 3.11)	Run pytest	2026-10-01T08:02:29.7832454Z drift_gate/tests/test_docs_check.py::TestFindStaleLimitations::test_captures_line_number PASSED [ 14%]
test (ubuntu-latest, 3.11)	Run pytest	2026-10-01T08:02:29.7873606Z drift_gate/tests/test_docs_check.py::TestCheckDocs::test_missing_file_produces_warning PASSED [ 14%]
test (ubuntu-latest, 3.11)	Run pytest	2026-10-01T08:02:29.7920540Z drift_gate/tests/test_docs_check.py::TestCheckDocs::test_known_command_no_warning PASSED [ 14%]
test (ubuntu-latest, 3.11)	Run pytest	2026-10-01T08:02:29.7961800Z drift_gate/tests/test_docs_check.py::TestCheckDocs::test_unknown_command_produces_warning PASSED [ 14%]
test (ubuntu-latest, 3.11)	Run pytest	2026-10-01T08:02:29.8001794Z drift_gate/tests/test_docs_check.py::TestCheckDocs::test_to_dict_structure PASSED [ 15%]
test (ubuntu-latest, 3.11)	Run pytest	2026-10-01T08:02:29.8043090Z drift_gate/tests/test_docs_check.py::TestCheckDocs::test_clean_docs_no_warnings PASSED [ 15%]
test (ubuntu-latest, 3.11)	Run pytest	2026-10-01T08:02:29.8083560Z drift_gate/tests/test_docs_check.py::TestCheckDocs::test_format_report_no_warnings PASSED [ 15%]
test (ubuntu-latest, 3.11)	Run pytest	2026-10-01T08:02:29.8123967Z drift_gate/tests/test_docs_check.py::TestCheckDocs::test_format_report_with_warnings PASSED [ 15%]
test (ubuntu-latest, 3.11)	Run pytest	2026-10-01T08:02:29.8164712Z drift_gate/tests/test_docs_check.py::TestCheckDocs::test_to_dict_includes_policy_fields PASSED [ 15%]
test (ubuntu-latest, 3.11)	Run pytest	2026-10-01T08:02:29.8170123Z drift_gate/tests/test_docs_check.py::TestExtractYamlKeys::test_extracts_top_level_keys PASSED [ 15%]
test (ubuntu-latest, 3.11)	Run pytest	2026-10-01T08:02:29.8175429Z drift_gate/tests/test_docs_check.py::TestExtractYamlKeys::test_does_not_extract_indented_keys PASSED [ 15%]
test (ubuntu-latest, 3.11)	Run pytest	2026-10-01T08:02:29.8180407Z drift_gate/tests/test_docs_check.py::TestExtractYamlKeys::test_empty_document PASSED [ 16%]
test (ubuntu-latest, 3.11)	Run pytest	2026-10-01T08:02:29.8185327Z drift_gate/tests/test_docs_check.py::TestExtractYamlKeys::test_multiple_blocks PASSED [ 16%]
test (ubuntu-latest, 3.11)	Run pytest	2026-10-01T08:02:29.8190530Z drift_gate/tests/test_docs_check.py::TestGetPolicyTopLevelFields::test_returns_expected_fields PASSED [ 16%]
test (ubuntu-latest, 3.11)	Run pytest	2026-10-01T08:02:29.8196258Z drift_gate/tests/test_docs_check.py::TestGetPolicyTopLevelFields::test_excludes_load_warnings PASSED [ 16%]
test (ubuntu-latest, 3.11)	Run pytest	2026-10-01T08:02:29.8202529Z drift_gate/tests/test_docs_check.py::TestGetPolicyTopLevelFields::test_returns_sorted_list PASSED [ 16%]
test (ubuntu-latest, 3.11)	Run pytest	2026-10-01T08:02:29.8244807Z drift_gate/tests/test_docs_check.py::TestPolicyFieldMismatch::test_unknown_yaml_key_produces_warning PASSED [ 16%]
test (ubuntu-latest, 3.11)	Run pytest	2026-10-01T08:02:29.8287091Z drift_gate/tests/test_docs_check.py::TestPolicyFieldMismatch::test_known_policy_field_no_warning PASSED [ 16%]
test (ubuntu-latest, 3.11)	Run pytest	2026-10-01T08:02:29.8328705Z drift_gate/tests/test_docs_check.py::TestPolicyFieldMismatch::test_checked_policy_fields_populated PASSED [ 17%]
test (ubuntu-latest, 3.11)	Run pytest	2026-10-01T08:02:29.8370917Z drift_gate/tests/test_docs_check.py::TestPolicyFieldMismatch::test_github_actions_yaml_no_false_positive PASSED [ 17%]
test (ubuntu-latest, 3.11)	Run pytest	2026-10-01T08:02:29.8384206Z drift_gate/tests/test_engine.py::TestFixtureScenarios::test_api_change_blocker PASSED [ 17%]
test (ubuntu-latest, 3.11)	Run pytest	2026-10-01T08:02:29.8397445Z drift_gate/tests/test_engine.py::TestFixtureScenarios::test_db_change_major PASSED [ 17%]
test (ubuntu-latest, 3.11)	Run pytest	2026-10-01T08:02:29.8404573Z drift_gate/tests/test_engine.py::TestFixtureScenarios::test_docs_only_pass PASSED [ 17%]
test (ubuntu-latest, 3.11)	Run pytest	2026-10-01T08:02:29.8413709Z drift_gate/tests/test_engine.py::TestFixtureScenarios::test_file_delete_triggers_rule PASSED [ 17%]
test (ubuntu-latest, 3.11)	Run pytest	2026-10-01T08:02:29.8423405Z drift_gate/tests/test_engine.py::TestFixtureScenarios::test_file_rename_preserved PASSED [ 18%]
test (ubuntu-latest, 3.11)	Run pytest	2026-10-01T08:02:29.8430932Z drift_gate/tests/test_engine.py::TestFixtureScenarios::test_ignore_paths_excludes_from_evaluation PASSED [ 18%]
test (ubuntu-latest, 3.11)	Run pytest	2026-10-01T08:02:29.8439806Z drift_gate/tests/test_engine.py::TestFixtureScenarios::test_reject_ignore_blocker_no_reason PASSED [ 18%]
test (ubuntu-latest, 3.11)	Run pytest	2026-10-01T08:02:29.8445805Z drift_gate/tests/test_engine.py::TestFixtureScenarios::test_empty_pr_passes PASSED [ 18%]
test (ubuntu-latest, 3.11)	Run pytest	2026-10-01T08:02:29.8451989Z drift_gate/tests/test_engine.py::TestFixtureScenarios::test_tests_only_pr_passes PASSED [ 18%]
test (ubuntu-latest, 3.11)	Run pytest	2026-10-01T08:02:29.8457987Z drift_gate/tests/test_engine.py::TestGlobMatcher::test_exact_path PASSED [ 18%]
test (ubuntu-latest, 3.11)	Run pytest	2026-10-01T08:02:29.8463551Z drift_gate/tests/test_engine.py::TestGlobMatcher::test_single_star PASSED [ 18%]
test (ubuntu-latest, 3.11)	Run pytest	2026-10-01T08:02:29.8468795Z drift_gate/tests/test_engine.py::TestGlobMatcher::test_double_star_dir PASSED [ 19%]
test (ubuntu-latest, 3.11)	Run pytest	2026-10-01T08:02:29.8473786Z drift_gate/tests/test_engine.py::TestGlobMatcher::test_double_star_anywhere PASSED [ 19%]
test (ubuntu-latest, 3.11)	Run pytest	2026-10-01T08:02:29.8478891Z drift_gate/tests/test_engine.py::TestGlobMatcher::test_dot_extension_glob PASSED [ 19%]
test (ubuntu-latest, 3.11)	Run pytest	2026-10-01T08:02:29.8484442Z drift_gate/tests/test_engine.py::TestClassifier::test_api_surface PASSED [ 19%]
test (ubuntu-latest, 3.11)	Run pytest	2026-10-01T08:02:29.8490167Z drift_gate/tests/test_engine.py::TestClassifier::test_db_schema PASSED   [ 19%]
test (ubuntu-latest, 3.11)	Run pytest	2026-10-01T08:02:29.8495695Z drift_gate/tests/test_engine.py::TestClassifier::test_env_config_dotenv_variants PASSED [ 19%]
test (ubuntu-latest, 3.11)	Run pytest	2026-10-01T08:02:29.8500699Z drift_gate/tests/test_engine.py::TestClassifier::test_docs_only_classification PASSED [ 20%]
test (ubuntu-latest, 3.11)	Run pytest	2026-10-01T08:02:29.8506683Z drift_gate/tests/test_engine.py::TestClassifier::test_mixed_not_docs_only PASSED [ 20%]
test (ubuntu-latest, 3.11)	Run pytest	2026-10-01T08:02:29.8512786Z drift_gate/tests/test_engine.py::TestDriftIgnorePolicy::test_blocker_with_reason_skipped PASSED [ 20%]
test (ubuntu-latest, 3.11)	Run pytest	2026-10-01T08:02:29.8519849Z drift_gate/tests/test_engine.py::TestDriftIgnorePolicy::test_blocker_without_reason_rejected PASSED [ 20%]
test (ubuntu-latest, 3.11)	Run pytest	2026-10-01T08:02:29.8525428Z drift_gate/tests/test_engine.py::TestDriftIgnorePolicy::test_minor_without_reason_skipped PASSED [ 20%]
test (ubuntu-latest, 3.11)	Run pytest	2026-10-01T08:02:29.8532720Z drift_gate/tests/test_engine.py::TestDriftIgnorePolicy::test_expired_ignore_rejected PASSED [ 20%]
test (ubuntu-latest, 3.11)	Run pytest	2026-10-01T08:02:29.8538918Z drift_gate/tests/test_engine.py::TestDriftIgnorePolicy::test_future_expiring_ignore_skipped PASSED [ 20%]
test (ubuntu-latest, 3.11)	Run pytest	2026-10-01T08:02:29.8544103Z drift_gate/tests/test_engine.py::TestDriftIgnorePolicy::test_parse_drift_ignore_expires PASSED [ 21%]
test (ubuntu-latest, 3.11)	Run pytest	2026-10-01T08:02:29.8550943Z drift_gate/tests/test_engine.py::TestDriftIgnorePolicy::test_rule_can_disallow_ignore PASSED [ 21%]
test (ubuntu-latest, 3.11)	Run pytest	2026-10-01T08:02:29.8558341Z drift_gate/tests/test_engine.py::TestDriftIgnorePolicy::test_suppression_requires_codeowners_approval PASSED [ 21%]
test (ubuntu-latest, 3.11)	Run pytest	2026-10-01T08:02:29.8565161Z drift_gate/tests/test_engine.py::TestDriftIgnorePolicy::test_suppression_allowed_rules PASSED [ 21%]
test (ubuntu-latest, 3.11)	Run pytest	2026-10-01T08:02:29.8572983Z drift_gate/tests/test_engine.py::TestCrossFileRelations::test_optional_group_required_when_relation_triggers PASSED [ 21%]
test (ubuntu-latest, 3.11)	Run pytest	2026-10-01T08:02:29.8579720Z drift_gate/tests/test_engine.py::TestCrossFileRelations::test_optional_group_does_not_fail_without_relation_trigger PASSED [ 21%]
test (ubuntu-latest, 3.11)	Run pytest	2026-10-01T08:02:29.8613651Z drift_gate/tests/test_engine.py::TestPolicyLoader::test_load_valid PASSED [ 21%]
test (ubuntu-latest, 3.11)	Run pytest	2026-10-01T08:02:29.8630100Z drift_gate/tests/test_engine.py::TestPolicyLoader::test_missing_require_groups PASSED [ 22%]
test (ubuntu-latest, 3.11)	Run pytest	2026-10-01T08:02:29.8635643Z drift_gate/tests/test_engine.py::TestPolicyLoader::test_file_not_found PASSED [ 22%]
test (ubuntu-latest, 3.11)	Run pytest	2026-10-01T08:02:29.8647715Z drift_gate/tests/test_engine.py::TestReporters::test_markdown_has_marker PASSED [ 22%]
test (ubuntu-latest, 3.11)	Run pytest	2026-10-01T08:02:29.8658936Z drift_gate/tests/test_engine.py::TestReporters::test_markdown_explain_mode PASSED [ 22%]
test (ubuntu-latest, 3.11)	Run pytest	2026-10-01T08:02:29.8669474Z drift_gate/tests/test_engine.py::TestReporters::test_json_schema PASSED  [ 22%]
test (ubuntu-latest, 3.11)	Run pytest	2026-10-01T08:02:29.8683267Z drift_gate/tests/test_engine.py::TestReporters::test_html_report_contains_pr_review_sections PASSED [ 22%]
test (ubuntu-latest, 3.11)	Run pytest	2026-10-01T08:02:29.8696710Z drift_gate/tests/test_engine.py::TestReporters::test_html_report_renders_policy_source PASSED [ 23%]
test (ubuntu-latest, 3.11)	Run pytest	2026-10-01T08:02:29.8703436Z drift_gate/tests/test_engine.py::TestReporters::test_html_report_renders_semantic_evidence PASSED [ 23%]
test (ubuntu-latest, 3.11)	Run pytest	2026-10-01T08:02:29.8714536Z drift_gate/tests/test_engine.py::TestReporters::test_markdown_report_contains_anchor_group_status_and_raw_evidence PASSED [ 23%]
test (ubuntu-latest, 3.11)	Run pytest	2026-10-01T08:02:29.8719611Z drift_gate/tests/test_engine.py::TestReporters::test_markdown_no_policy PASSED [ 23%]
test (ubuntu-latest, 3.11)	Run pytest	2026-10-01T08:02:29.8727076Z drift_gate/tests/test_engine.py::TestReporters::test_html_escapes_user_content PASSED [ 23%]
test (ubuntu-latest, 3.11)	Run pytest	2026-10-01T08:02:29.8733555Z drift_gate/tests/test_engine.py::TestReporters::test_html_enrichment_metrics_panel PASSED [ 23%]
test (ubuntu-latest, 3.11)	Run pytest	2026-10-01T08:02:29.8787896Z drift_gate/tests/test_engine.py::TestLargePR::test_large_pr_fixture_loads_and_evaluates PASSED [ 23%]
test (ubuntu-latest, 3.11)	Run pytest	2026-10-01T08:02:29.8841798Z drift_gate/tests/test_engine.py::TestLargePR::test_large_pr_scan_metrics_populated PASSED [ 24%]
test (ubuntu-latest, 3.11)	Run pytest	2026-10-01T08:02:29.8901515Z drift_gate/tests/test_engine.py::TestLargePR::test_large_pr_no_crash_on_empty_patches PASSED [ 24%]
test (ubuntu-latest, 3.11)	Run pytest	2026-10-01T08:02:29.8914645Z drift_gate/tests/test_enricher.py::TestEnrichFallback::test_network_error_returns_original_result PASSED [ 24%]
test (ubuntu-latest, 3.11)	Run pytest	2026-10-01T08:02:29.8923480Z drift_gate/tests/test_enricher.py::TestEnrichFallback::test_http_401_returns_original_result PASSED [ 24%]
test (ubuntu-latest, 3.11)	Run pytest	2026-10-01T08:02:29.8937747Z drift_gate/tests/test_enricher.py::TestEnrichFallback::test_malformed_json_response_returns_original PASSED [ 24%]
test (ubuntu-latest, 3.11)	Run pytest	2026-10-01T08:02:29.8945089Z drift_gate/tests/test_enricher.py::TestEnrichFallback::test_empty_violations_returns_immediately PASSED [ 24%]
test (ubuntu-latest, 3.11)	Run pytest	2026-10-01T08:02:29.9004924Z drift_gate/tests/test_enricher.py::TestEnrichSuccess::test_checklist_replaced_on_match PASSED [ 24%]
test (ubuntu-latest, 3.11)	Run pytest	2026-10-01T08:02:29.9018025Z drift_gate/tests/test_enricher.py::TestEnrichSuccess::test_no_section_match_keeps_original_checklist PASSED [ 25%]
test (ubuntu-latest, 3.11)	Run pytest	2026-10-01T08:02:29.9023257Z drift_gate/tests/test_enricher.py::TestDocsDraftFallback::test_fallback_draft_contains_trigger_path PASSED [ 25%]
test (ubuntu-latest, 3.11)	Run pytest	2026-10-01T08:02:29.9028459Z drift_gate/tests/test_enricher.py::TestDocsDraftFallback::test_fallback_draft_contains_group_name PASSED [ 25%]
test (ubuntu-latest, 3.11)	Run pytest	2026-10-01T08:02:29.9033525Z drift_gate/tests/test_enricher.py::TestDocsDraftFallback::test_fallback_draft_contains_required_file PASSED [ 25%]
test (ubuntu-latest, 3.11)	Run pytest	2026-10-01T08:02:29.9041950Z drift_gate/tests/test_enricher.py::TestDocsDraftFallback::test_generate_docs_draft_uses_fallback_on_api_failure PASSED [ 25%]
test (ubuntu-latest, 3.11)	Run pytest	2026-10-01T08:02:29.9051029Z drift_gate/tests/test_enricher.py::TestDocsDraftFallback::test_generate_docs_draft_returns_empty_on_no_violations PASSED [ 25%]
test (ubuntu-latest, 3.11)	Run pytest	2026-10-01T08:02:29.9102680Z drift_gate/tests/test_enricher.py::TestPromptCachingPayload::test_system_field_present PASSED [ 26%]
test (ubuntu-latest, 3.11)	Run pytest	2026-10-01T08:02:29.9111916Z drift_gate/tests/test_enricher.py::TestPromptCachingPayload::test_system_is_list_with_cache_control PASSED [ 26%]
test (ubuntu-latest, 3.11)	Run pytest	2026-10-01T08:02:29.9120693Z drift_gate/tests/test_enricher.py::TestPromptCachingPayload::test_system_text_matches_system_prompt_constant PASSED [ 26%]
test (ubuntu-latest, 3.11)	Run pytest	2026-10-01T08:02:29.9129868Z drift_gate/tests/test_enricher.py::TestPromptCachingPayload::test_user_message_does_not_repeat_system_instructions PASSED [ 26%]
test (ubuntu-latest, 3.11)	Run pytest	2026-10-01T08:02:29.9138653Z drift_gate/tests/test_enricher.py::TestPromptCachingPayload::test_prompt_caching_beta_header_present PASSED [ 26%]
test (ubuntu-latest, 3.11)	Run pytest	2026-10-01T08:02:29.9148949Z drift_gate/tests/test_enricher.py::TestPromptCachingPayload::test_api_key_in_header PASSED [ 26%]
test (ubuntu-latest, 3.11)	Run pytest	2026-10-01T08:02:29.9153907Z drift_gate/tests/test_enricher.py::TestBuildPrompt::test_contains_violation_summary PASSED [ 26%]
test (ubuntu-latest, 3.11)	Run pytest	2026-10-01T08:02:29.9158995Z drift_gate/tests/test_enricher.py::TestBuildPrompt::test_does_not_contain_system_instructions PASSED [ 27%]
test (ubuntu-latest, 3.11)	Run pytest	2026-10-01T08:02:29.9164247Z drift_gate/tests/test_enricher.py::TestEnrichmentMetrics::test_estimated_uncached_input_tokens PASSED [ 27%]
test (ubuntu-latest, 3.11)	Run pytest	2026-10-01T08:02:29.9168813Z drift_gate/tests/test_enricher.py::TestEnrichmentMetrics::test_saved_input_tokens_equals_cache_read PASSED [ 27%]
test (ubuntu-latest, 3.11)	Run pytest	2026-10-01T08:02:29.9173689Z drift_gate/tests/test_enricher.py::TestEnrichmentMetrics::test_estimated_savings_pct PASSED [ 27%]
test (ubuntu-latest, 3.11)	Run pytest	2026-10-01T08:02:29.9178811Z drift_gate/tests/test_enricher.py::TestEnrichmentMetrics::test_estimated_savings_pct_zero_when_no_cache PASSED [ 27%]
test (ubuntu-latest, 3.11)	Run pytest	2026-10-01T08:02:29.9183498Z drift_gate/tests/test_enricher.py::TestEnrichmentMetrics::test_estimated_savings_pct_zero_when_all_zero PASSED [ 27%]
test (ubuntu-latest, 3.11)	Run pytest	2026-10-01T08:02:29.9189485Z drift_gate/tests/test_enricher.py::TestEnrichmentMetrics::test_estimated_cost_usd_uses_model_pricing PASSED [ 27%]
test (ubuntu-latest, 3.11)	Run pytest	2026-10-01T08:02:29.9194524Z drift_gate/tests/test_enricher.py::TestEnrichmentMetrics::test_estimated_cost_usd_cache_read_cheaper_than_input PASSED [ 28%]
test (ubuntu-latest, 3.11)	Run pytest	2026-10-01T08:02:29.9199524Z drift_gate/tests/test_enricher.py::TestEnrichmentMetrics::test_estimated_cost_unknown_model_uses_default PASSED [ 28%]
test (ubuntu-latest, 3.11)	Run pytest	2026-10-01T08:02:29.9204650Z drift_gate/tests/test_enricher.py::TestEnrichmentMetrics::test_to_dict_contains_all_fields PASSED [ 28%]
test (ubuntu-latest, 3.11)	Run pytest	2026-10-01T08:02:29.9209534Z drift_gate/tests/test_enricher.py::TestEnrichmentMetrics::test_format_report_contains_key_fields PASSED [ 28%]
test (ubuntu-latest, 3.11)	Run pytest	2026-10-01T08:02:29.9222440Z drift_gate/tests/test_enricher.py::TestEnrichUsageParsing::test_enrich_stores_enrichment_metrics_on_success PASSED [ 28%]
test (ubuntu-latest, 3.11)	Run pytest	2026-10-01T08:02:29.9237204Z drift_gate/tests/test_enricher.py::TestEnrichUsageParsing::test_enrich_metrics_model_matches_enricher_model PASSED [ 28%]
test (ubuntu-latest, 3.11)	Run pytest	2026-10-01T08:02:29.9243975Z drift_gate/tests/test_enricher.py::TestEnrichUsageParsing::test_enrich_metrics_none_on_api_failure PASSED [ 29%]
test (ubuntu-latest, 3.11)	Run pytest	2026-10-01T08:02:29.9257871Z drift_gate/tests/test_enricher.py::TestEnrichUsageParsing::test_enrich_metrics_with_zero_cache PASSED [ 29%]
test (ubuntu-latest, 3.11)	Run pytest	2026-10-01T08:02:29.9270686Z drift_gate/tests/test_enricher.py::TestEnrichUsageParsing::test_to_dict_includes_enrichment_metrics PASSED [ 29%]
test (ubuntu-latest, 3.11)	Run pytest	2026-10-01T08:02:29.9276320Z drift_gate/tests/test_enricher.py::TestEnrichUsageParsing::test_to_dict_no_enrichment_metrics_key_when_none PASSED [ 29%]
test (ubuntu-latest, 3.11)	Run pytest	2026-10-01T08:02:29.9283558Z drift_gate/tests/test_enricher.py::TestDryRunEstimate::test_estimate_dry_run_returns_metrics_without_api PASSED [ 29%]
test (ubuntu-latest, 3.11)	Run pytest	2026-10-01T08:02:29.9288811Z drift_gate/tests/test_enricher.py::TestDryRunEstimate::test_estimate_dry_run_model_set PASSED [ 29%]
test (ubuntu-latest, 3.11)	Run pytest	2026-10-01T08:02:29.9293929Z drift_gate/tests/test_enricher.py::TestDryRunEstimate::test_estimate_dry_run_cache_read_is_system_prompt_estimate PASSED [ 29%]
test (ubuntu-latest, 3.11)	Run pytest	2026-10-01T08:02:29.9299029Z drift_gate/tests/test_enricher.py::TestDryRunEstimate::test_estimate_dry_run_savings_pct_positive PASSED [ 30%]
test (ubuntu-latest, 3.11)	Run pytest	2026-10-01T08:02:29.9303994Z drift_gate/tests/test_enricher.py::TestDryRunEstimate::test_from_text_estimate_scales_with_text_length PASSED [ 30%]
test (ubuntu-latest, 3.11)	Run pytest	2026-10-01T08:02:29.9310382Z drift_gate/tests/test_enricher.py::TestDryRunEstimate::test_from_text_estimate_empty_text PASSED [ 30%]
test (ubuntu-latest, 3.11)	Run pytest	2026-10-01T08:02:29.9315495Z drift_gate/tests/test_enricher.py::TestDryRunEstimate::test_estimate_dry_run_cost_positive PASSED [ 30%]
test (ubuntu-latest, 3.11)	Run pytest	2026-10-01T08:02:29.9321294Z drift_gate/tests/test_enricher.py::TestDryRunEstimate::test_format_report_dry_run PASSED [ 30%]
test (ubuntu-latest, 3.11)	Run pytest	2026-10-01T08:02:29.9438309Z drift_gate/tests/test_eval_runner.py::TestEvalRunner::test_default_fixtures_pass PASSED [ 30%]
test (ubuntu-latest, 3.11)	Run pytest	2026-10-01T08:02:29.9546367Z drift_gate/tests/test_eval_runner.py::TestEvalRunner::test_markdown_report_contains_metrics PASSED [ 30%]
test (ubuntu-latest, 3.11)	Run pytest	2026-10-01T08:02:29.9764409Z drift_gate/tests/test_eval_runner.py::TestEvalRunner::test_baseline_comparison_shows_patch_aware_improvement PASSED [ 31%]
test (ubuntu-latest, 3.11)	Run pytest	2026-10-01T08:02:29.9970009Z drift_gate/tests/test_eval_runner.py::TestEvalRunner::test_comparison_markdown_contains_benchmark_table PASSED [ 31%]
test (ubuntu-latest, 3.11)	Run pytest	2026-10-01T08:02:30.0183569Z drift_gate/tests/test_eval_runner.py::TestEvalRunner::test_comparison_html_contains_shareable_report PASSED [ 31%]
test (ubuntu-latest, 3.11)	Run pytest	2026-10-01T08:02:30.0617817Z drift_gate/tests/test_eval_runner.py::TestEvalRunner::test_multi_engine_comparison_reports_all_modes PASSED [ 31%]
test (ubuntu-latest, 3.11)	Run pytest	2026-10-01T08:02:30.1012043Z drift_gate/tests/test_eval_runner.py::TestEvalRunner::test_case_report_dir_writes_raw_reports PASSED [ 31%]
test (ubuntu-latest, 3.11)	Run pytest	2026-10-01T08:02:30.1469703Z drift_gate/tests/test_eval_runner.py::TestEvalRunner::test_case_report_dir_writes_multi_engine_reports PASSED [ 31%]
test (ubuntu-latest, 3.11)	Run pytest	2026-10-01T08:02:30.1698641Z drift_gate/tests/test_eval_runner.py::TestEvalRunner::test_benchmark_gate_passes_with_current_budgets PASSED [ 32%]
test (ubuntu-latest, 3.11)	Run pytest	2026-10-01T08:02:30.1711992Z drift_gate/tests/test_eval_runner.py::TestEvalRunner::test_false_positive_is_counted PASSED [ 32%]
test (ubuntu-latest, 3.11)	Run pytest	2026-10-01T08:02:30.1724349Z drift_gate/tests/test_eval_runner.py::TestEvalRunner::test_recursive_fixture_discovery_supports_external_packs PASSED [ 32%]
test (ubuntu-latest, 3.11)	Run pytest	2026-10-01T08:02:30.1736491Z drift_gate/tests/test_eval_runner.py::TestEvalRunner::test_recursive_real_oss_style_sample_eval PASSED [ 32%]
test (ubuntu-latest, 3.11)	Run pytest	2026-10-01T08:02:30.1750143Z drift_gate/tests/test_eval_runner.py::TestEvalRunner::test_benchmark_gate_reports_budget_failures PASSED [ 32%]
test (ubuntu-latest, 3.11)	Run pytest	2026-10-01T08:02:30.1998418Z drift_gate/tests/test_eval_runner.py::TestEvalRunner::test_cli_eval_subcommand_runs_budgeted_comparison PASSED [ 32%]
test (ubuntu-latest, 3.11)	Run pytest	2026-10-01T08:02:30.2360096Z drift_gate/tests/test_eval_runner.py::TestEvalRunner::test_cli_eval_subcommand_runs_multi_engine_comparison PASSED [ 32%]
test (ubuntu-latest, 3.11)	Run pytest	2026-10-01T08:02:30.2571504Z drift_gate/tests/test_eval_runner.py::TestEvalRunner::test_cli_init_preset_writes_target_policy PASSED [ 33%]
test (ubuntu-latest, 3.11)	Run pytest	2026-10-01T08:02:30.2963210Z drift_gate/tests/test_eval_runner.py::TestEvalRunner::test_cli_init_auth_and_ci_presets PASSED [ 33%]
test (ubuntu-latest, 3.11)	Run pytest	2026-10-01T08:02:30.3021340Z drift_gate/tests/test_eval_runner.py::TestEvalRunner::test_cli_explain_rule PASSED [ 33%]
test (ubuntu-latest, 3.11)	Run pytest	2026-10-01T08:02:30.3083822Z drift_gate/tests/test_eval_runner.py::TestEvalRunner::test_cli_init_auto_uses_repo_recommendations PASSED [ 33%]
test (ubuntu-latest, 3.11)	Run pytest	2026-10-01T08:02:30.3130414Z drift_gate/tests/test_eval_runner.py::TestEvalRunner::test_cli_setup_creates_policy_and_mcp_config PASSED [ 33%]
test (ubuntu-latest, 3.11)	Run pytest	2026-10-01T08:02:30.3178649Z drift_gate/tests/test_eval_runner.py::TestEvalRunner::test_cli_init_recommend_detects_framework_and_docs PASSED [ 33%]
test (ubuntu-latest, 3.11)	Run pytest	2026-10-01T08:02:30.3191764Z drift_gate/tests/test_eval_runner.py::TestEvalRunner::test_doctor_dead_rule_warning_helper PASSED [ 33%]
test (ubuntu-latest, 3.11)	Run pytest	2026-10-01T08:02:30.3577405Z drift_gate/tests/test_eval_runner.py::test_default_evaluation_works_outside_checkout[demo] PASSED [ 34%]
test (ubuntu-latest, 3.11)	Run pytest	2026-10-01T08:02:30.3725479Z drift_gate/tests/test_eval_runner.py::test_default_evaluation_works_outside_checkout[eval] PASSED [ 34%]
test (ubuntu-latest, 3.11)	Run pytest	2026-10-01T08:02:30.3857724Z drift_gate/tests/test_eval_runner.py::test_default_evaluation_works_outside_checkout[standalone] PASSED [ 34%]
test (ubuntu-latest, 3.11)	Run pytest	2026-10-01T08:02:30.3903793Z drift_gate/tests/test_eval_runner.py::test_empty_evaluation_fails_before_writing_reports[demo] PASSED [ 34%]
test (ubuntu-latest, 3.11)	Run pytest	2026-10-01T08:02:30.3951570Z drift_gate/tests/test_eval_runner.py::test_empty_evaluation_fails_before_writing_reports[eval] PASSED [ 34%]
test (ubuntu-latest, 3.11)	Run pytest	2026-10-01T08:02:30.3971910Z drift_gate/tests/test_eval_runner.py::test_empty_evaluation_fails_before_writing_reports[standalone] PASSED [ 34%]
test (ubuntu-latest, 3.11)	Run pytest	2026-10-01T08:02:30.3977484Z drift_gate/tests/test_github_action_runner.py::test_workflow_command_escape PASSED [ 35%]
test (ubuntu-latest, 3.11)	Run pytest	2026-10-01T08:02:30.3988764Z drift_gate/tests/test_github_action_runner.py::test_fork_pr_detection PASSED [ 35%]
test (ubuntu-latest, 3.11)	Run pytest	2026-10-01T08:02:30.3999473Z drift_gate/tests/test_github_action_runner.py::test_same_repo_pr_not_fork PASSED [ 35%]
test (ubuntu-latest, 3.11)	Run pytest	2026-10-01T08:02:30.4014498Z drift_gate/tests/test_github_action_runner.py::test_github_adapter_paginates_pr_files PASSED [ 35%]
test (ubuntu-latest, 3.11)	Run pytest	2026-10-01T08:02:30.4020806Z drift_gate/tests/test_github_client.py::TestSanitizePath::test_normal_path PASSED [ 35%]
test (ubuntu-latest, 3.11)	Run pytest	2026-10-01T08:02:30.4026638Z drift_gate/tests/test_github_client.py::TestSanitizePath::test_strips_leading_slash PASSED [ 35%]
test (ubuntu-latest, 3.11)	Run pytest	2026-10-01T08:02:30.4032696Z drift_gate/tests/test_github_client.py::TestSanitizePath::test_rejects_traversal PASSED [ 35%]
test (ubuntu-latest, 3.11)	Run pytest	2026-10-01T08:02:30.4038644Z drift_gate/tests/test_github_client.py::TestSanitizePath::test_rejects_embedded_traversal PASSED [ 36%]
test (ubuntu-latest, 3.11)	Run pytest	2026-10-01T08:02:30.4044143Z drift_gate/tests/test_github_client.py::TestSanitizePath::test_rejects_empty PASSED [ 36%]
test (ubuntu-latest, 3.11)	Run pytest	2026-10-01T08:02:30.4049824Z drift_gate/tests/test_github_client.py::TestSanitizePath::test_rejects_whitespace_only PASSED [ 36%]
test (ubuntu-latest, 3.11)	Run pytest	2026-10-01T08:02:30.4055356Z drift_gate/tests/test_github_client.py::TestSanitizePath::test_normalises_redundant_slashes PASSED [ 36%]
test (ubuntu-latest, 3.11)	Run pytest	2026-10-01T08:02:30.4061247Z drift_gate/tests/test_github_client.py::TestSanitizePath::test_deep_nested_path PASSED [ 36%]
test (ubuntu-latest, 3.11)	Run pytest	2026-10-01T08:02:30.4067861Z drift_gate/tests/test_github_client.py::TestGithubApiErrorHints::test_401_hint_mentions_token PASSED [ 36%]
test (ubuntu-latest, 3.11)	Run pytest	2026-10-01T08:02:30.4073938Z drift_gate/tests/test_github_client.py::TestGithubApiErrorHints::test_403_hint_mentions_scope PASSED [ 36%]
test (ubuntu-latest, 3.11)	Run pytest	2026-10-01T08:02:30.4080038Z drift_gate/tests/test_github_client.py::TestGithubApiErrorHints::test_404_hint_mentions_repo PASSED [ 37%]
test (ubuntu-latest, 3.11)	Run pytest	2026-10-01T08:02:30.4086498Z drift_gate/tests/test_github_client.py::TestGithubApiErrorHints::test_429_hint_mentions_rate_limit PASSED [ 37%]
test (ubuntu-latest, 3.11)	Run pytest	2026-10-01T08:02:30.4092205Z drift_gate/tests/test_github_client.py::TestGithubApiErrorHints::test_500_hint_mentions_github_status PASSED [ 37%]
test (ubuntu-latest, 3.11)	Run pytest	2026-10-01T08:02:30.4098130Z drift_gate/tests/test_github_client.py::TestGithubApiErrorHints::test_github_message_included_in_error PASSED [ 37%]
test (ubuntu-latest, 3.11)	Run pytest	2026-10-01T08:02:30.4103355Z drift_gate/tests/test_github_client.py::TestGithubApiErrorHints::test_unknown_code_still_shows_code PASSED [ 37%]
test (ubuntu-latest, 3.11)	Run pytest	2026-10-01T08:02:30.4109021Z drift_gate/tests/test_github_client.py::TestGithubApiErrorHints::test_returns_runtime_error PASSED [ 37%]
test (ubuntu-latest, 3.11)	Run pytest	2026-10-01T08:02:30.4119571Z drift_gate/tests/test_github_client.py::TestPaginationEdgeCases::test_single_page_under_100_files PASSED [ 38%]
test (ubuntu-latest, 3.11)	Run pytest	2026-10-01T08:02:30.4133253Z drift_gate/tests/test_github_client.py::TestPaginationEdgeCases::test_exactly_100_files_triggers_second_page PASSED [ 38%]
test (ubuntu-latest, 3.11)	Run pytest	2026-10-01T08:02:30.4154196Z drift_gate/tests/test_github_client.py::TestPaginationEdgeCases::test_300_files_across_three_pages PASSED [ 38%]
test (ubuntu-latest, 3.11)	Run pytest	2026-10-01T08:02:30.4175389Z drift_gate/tests/test_github_client.py::TestPaginationEdgeCases::test_301_files_across_four_pages PASSED [ 38%]
test (ubuntu-latest, 3.11)	Run pytest	2026-10-01T08:02:30.4190033Z drift_gate/tests/test_github_client.py::TestPaginationEdgeCases::test_pagination_stops_when_page_has_less_than_100 PASSED [ 38%]
test (ubuntu-latest, 3.11)	Run pytest	2026-10-01T08:02:30.4197114Z drift_gate/tests/test_github_client.py::TestPaginationEdgeCases::test_empty_first_page_returns_empty_list PASSED [ 38%]
test (ubuntu-latest, 3.11)	Run pytest	2026-10-01T08:02:30.4209003Z drift_gate/tests/test_github_client.py::TestPaginationEdgeCases::test_page_urls_include_page_number PASSED [ 38%]
test (ubuntu-latest, 3.11)	Run pytest	2026-10-01T08:02:30.4216270Z drift_gate/tests/test_github_client.py::TestBinaryFileHandling::test_binary_image_no_patch PASSED [ 39%]
test (ubuntu-latest, 3.11)	Run pytest	2026-10-01T08:02:30.4223194Z drift_gate/tests/test_github_client.py::TestBinaryFileHandling::test_binary_pdf_no_patch PASSED [ 39%]
test (ubuntu-latest, 3.11)	Run pytest	2026-10-01T08:02:30.4231969Z drift_gate/tests/test_github_client.py::TestBinaryFileHandling::test_compiled_artifact_no_patch PASSED [ 39%]
test (ubuntu-latest, 3.11)	Run pytest	2026-10-01T08:02:30.4239511Z drift_gate/tests/test_github_client.py::TestBinaryFileHandling::test_mixed_binary_and_text_files PASSED [ 39%]
test (ubuntu-latest, 3.11)	Run pytest	2026-10-01T08:02:30.4246763Z drift_gate/tests/test_github_client.py::TestBinaryFileHandling::test_binary_file_with_unsafe_path_is_rejected PASSED [ 39%]
test (ubuntu-latest, 3.11)	Run pytest	2026-10-01T08:02:30.4259228Z drift_gate/tests/test_github_client.py::TestBinaryFileHandling::test_large_pr_with_mixed_binary_and_text PASSED [ 39%]
test (ubuntu-latest, 3.11)	Run pytest	2026-10-01T08:02:30.4268527Z drift_gate/tests/test_github_client.py::TestPaginationHttpErrors::test_http_error_on_page_2_raises PASSED [ 40%]
test (ubuntu-latest, 3.11)	Run pytest	2026-10-01T08:02:30.4273898Z drift_gate/tests/test_github_client.py::TestParseDriftIgnores::test_basic_ignore_with_reason PASSED [ 40%]
test (ubuntu-latest, 3.11)	Run pytest	2026-10-01T08:02:30.4279131Z drift_gate/tests/test_github_client.py::TestParseDriftIgnores::test_ignore_without_reason PASSED [ 40%]
test (ubuntu-latest, 3.11)	Run pytest	2026-10-01T08:02:30.4284484Z drift_gate/tests/test_github_client.py::TestParseDriftIgnores::test_ignore_with_expires PASSED [ 40%]
test (ubuntu-latest, 3.11)	Run pytest	2026-10-01T08:02:30.4289688Z drift_gate/tests/test_github_client.py::TestParseDriftIgnores::test_ignore_with_approved_by PASSED [ 40%]
test (ubuntu-latest, 3.11)	Run pytest	2026-10-01T08:02:30.4294782Z drift_gate/tests/test_github_client.py::TestParseDriftIgnores::test_multiple_ignores PASSED [ 40%]
test (ubuntu-latest, 3.11)	Run pytest	2026-10-01T08:02:30.4299789Z drift_gate/tests/test_github_client.py::TestParseDriftIgnores::test_no_ignores_in_body PASSED [ 40%]
test (ubuntu-latest, 3.11)	Run pytest	2026-10-01T08:02:30.4304586Z drift_gate/tests/test_github_client.py::TestParseDriftIgnores::test_empty_body PASSED [ 41%]
test (ubuntu-latest, 3.11)	Run pytest	2026-10-01T08:02:30.4310236Z drift_gate/tests/test_github_client.py::TestParseDriftIgnores::test_ignore_in_pr_template_comments PASSED [ 41%]
test (ubuntu-latest, 3.11)	Run pytest	2026-10-01T08:02:30.4323064Z drift_gate/tests/test_history.py::test_history_store_roundtrip PASSED    [ 41%]
test (ubuntu-latest, 3.11)	Run pytest	2026-10-01T08:02:30.4335349Z drift_gate/tests/test_history.py::test_history_reports_render PASSED     [ 41%]
test (ubuntu-latest, 3.11)	Run pytest	2026-10-01T08:02:30.4382390Z drift_gate/tests/test_history.py::test_cli_history_renders_markdown_and_html PASSED [ 41%]
test (ubuntu-latest, 3.11)	Run pytest	2026-10-01T08:02:30.4440233Z drift_gate/tests/test_history.py::test_history_sqlite_roundtrip PASSED   [ 41%]
test (ubuntu-latest, 3.11)	Run pytest	2026-10-01T08:02:30.4453473Z drift_gate/tests/test_history.py::test_history_rule_filter_and_repeated_ignore_warning PASSED [ 41%]
test (ubuntu-latest, 3.11)	Run pytest	2026-10-01T08:02:30.4467919Z drift_gate/tests/test_history.py::test_temporal_gate_warns_on_repeated_ignores PASSED [ 42%]
test (ubuntu-latest, 3.11)	Run pytest	2026-10-01T08:02:30.4479639Z drift_gate/tests/test_history.py::test_history_average_fix_time_and_release_trend PASSED [ 42%]
test (ubuntu-latest, 3.11)	Run pytest	2026-10-01T08:02:30.4535095Z drift_gate/tests/test_history.py::test_cli_history_filters_rule PASSED   [ 42%]
test (ubuntu-latest, 3.11)	Run pytest	2026-10-01T08:02:30.4548939Z drift_gate/tests/test_history.py::TestTemporalGateE2E::test_e2e_repeated_ignores_trigger_warn PASSED [ 42%]
test (ubuntu-latest, 3.11)	Run pytest	2026-10-01T08:02:30.4560661Z drift_gate/tests/test_history.py::TestTemporalGateE2E::test_e2e_below_threshold_no_warn PASSED [ 42%]
test (ubuntu-latest, 3.11)	Run pytest	2026-10-01T08:02:30.4573096Z drift_gate/tests/test_history.py::TestTemporalGateE2E::test_e2e_warn_result_not_downgraded_to_pass PASSED [ 42%]
test (ubuntu-latest, 3.11)	Run pytest	2026-10-01T08:02:30.4586431Z drift_gate/tests/test_history.py::TestTemporalGateE2E::test_e2e_fail_result_stays_fail PASSED [ 43%]
test (ubuntu-latest, 3.11)	Run pytest	2026-10-01T08:02:30.4599184Z drift_gate/tests/test_history.py::TestTemporalGateE2E::test_e2e_to_dict_includes_temporal_warnings PASSED [ 43%]
test (ubuntu-latest, 3.11)	Run pytest	2026-10-01T08:02:30.4869648Z drift_gate/tests/test_history.py::TestTemporalGateE2E::test_e2e_cli_check_with_temporal_gate PASSED [ 43%]
test (ubuntu-latest, 3.11)	Run pytest	2026-10-01T08:02:30.4875750Z drift_gate/tests/test_html_reporter.py::TestHtmlStructure::test_valid_html_doctype PASSED [ 43%]
test (ubuntu-latest, 3.11)	Run pytest	2026-10-01T08:02:30.4882221Z drift_gate/tests/test_html_reporter.py::TestHtmlStructure::test_charset_utf8 PASSED [ 43%]
test (ubuntu-latest, 3.11)	Run pytest	2026-10-01T08:02:30.4888326Z drift_gate/tests/test_html_reporter.py::TestHtmlStructure::test_viewport_meta PASSED [ 43%]
test (ubuntu-latest, 3.11)	Run pytest	2026-10-01T08:02:30.4894199Z drift_gate/tests/test_html_reporter.py::TestHtmlStructure::test_title_present PASSED [ 43%]
test (ubuntu-latest, 3.11)	Run pytest	2026-10-01T08:02:30.4902265Z drift_gate/tests/test_html_reporter.py::TestHtmlStructure::test_status_pass_class PASSED [ 44%]
test (ubuntu-latest, 3.11)	Run pytest	2026-10-01T08:02:30.4909697Z drift_gate/tests/test_html_reporter.py::TestHtmlStructure::test_status_fail_class PASSED [ 44%]
test (ubuntu-latest, 3.11)	Run pytest	2026-10-01T08:02:30.4916099Z drift_gate/tests/test_html_reporter.py::TestHtmlStructure::test_status_warn_class PASSED [ 44%]
test (ubuntu-latest, 3.11)	Run pytest	2026-10-01T08:02:30.4922179Z drift_gate/tests/test_html_reporter.py::TestHtmlStructure::test_no_violations_shows_empty_section PASSED [ 44%]
test (ubuntu-latest, 3.11)	Run pytest	2026-10-01T08:02:30.4929538Z drift_gate/tests/test_html_reporter.py::TestHtmlStructure::test_violations_show_rule_id PASSED [ 44%]
test (ubuntu-latest, 3.11)	Run pytest	2026-10-01T08:02:30.4935451Z drift_gate/tests/test_html_reporter.py::TestHtmlStructure::test_has_raw_json_section PASSED [ 44%]
test (ubuntu-latest, 3.11)	Run pytest	2026-10-01T08:02:30.4941450Z drift_gate/tests/test_html_reporter.py::TestHtmlStructure::test_has_walkthrough_section PASSED [ 44%]
test (ubuntu-latest, 3.11)	Run pytest	2026-10-01T08:02:30.4947469Z drift_gate/tests/test_html_reporter.py::TestHtmlStructure::test_has_metrics_section PASSED [ 45%]
test (ubuntu-latest, 3.11)	Run pytest	2026-10-01T08:02:30.4954633Z drift_gate/tests/test_html_reporter.py::TestHtmlEscape::test_message_escaped PASSED [ 45%]
test (ubuntu-latest, 3.11)	Run pytest	2026-10-01T08:02:30.4961982Z drift_gate/tests/test_html_reporter.py::TestHtmlEscape::test_rule_id_escaped PASSED [ 45%]
test (ubuntu-latest, 3.11)	Run pytest	2026-10-01T08:02:30.4968908Z drift_gate/tests/test_html_reporter.py::TestHtmlEscape::test_group_name_escaped PASSED [ 45%]
test (ubuntu-latest, 3.11)	Run pytest	2026-10-01T08:02:30.4975808Z drift_gate/tests/test_html_reporter.py::TestHtmlEscape::test_trigger_file_path_escaped PASSED [ 45%]
test (ubuntu-latest, 3.11)	Run pytest	2026-10-01T08:02:30.4983259Z drift_gate/tests/test_html_reporter.py::TestHtmlEscape::test_checklist_item_escaped PASSED [ 45%]
test (ubuntu-latest, 3.11)	Run pytest	2026-10-01T08:02:30.4989632Z drift_gate/tests/test_html_reporter.py::TestHtmlEscape::test_policy_source_escaped PASSED [ 46%]
test (ubuntu-latest, 3.11)	Run pytest	2026-10-01T08:02:30.4996869Z drift_gate/tests/test_html_reporter.py::TestHtmlEscape::test_raw_json_block_escapes_html_in_values PASSED [ 46%]
test (ubuntu-latest, 3.11)	Run pytest	2026-10-01T08:02:30.5005171Z drift_gate/tests/test_html_reporter.py::TestHtmlEscape::test_diff_snippet_escaped PASSED [ 46%]
test (ubuntu-latest, 3.11)	Run pytest	2026-10-01T08:02:30.5012278Z drift_gate/tests/test_html_reporter.py::TestTokenEfficiencyPanel::test_panel_present_when_metrics_set PASSED [ 46%]
test (ubuntu-latest, 3.11)	Run pytest	2026-10-01T08:02:30.5018359Z drift_gate/tests/test_html_reporter.py::TestTokenEfficiencyPanel::test_panel_absent_when_no_metrics PASSED [ 46%]
test (ubuntu-latest, 3.11)	Run pytest	2026-10-01T08:02:30.5024799Z drift_gate/tests/test_html_reporter.py::TestTokenEfficiencyPanel::test_model_name_shown PASSED [ 46%]
test (ubuntu-latest, 3.11)	Run pytest	2026-10-01T08:02:30.5031549Z drift_gate/tests/test_html_reporter.py::TestTokenEfficiencyPanel::test_token_counts_shown PASSED [ 46%]
test (ubuntu-latest, 3.11)	Run pytest	2026-10-01T08:02:30.5038386Z drift_gate/tests/test_html_reporter.py::TestTokenEfficiencyPanel::test_savings_pct_shown PASSED [ 47%]
test (ubuntu-latest, 3.11)	Run pytest	2026-10-01T08:02:30.5044868Z drift_gate/tests/test_html_reporter.py::TestTokenEfficiencyPanel::test_cost_shown PASSED [ 47%]
test (ubuntu-latest, 3.11)	Run pytest	2026-10-01T08:02:30.5051519Z drift_gate/tests/test_html_reporter.py::TestTokenEfficiencyPanel::test_zero_metrics_no_crash PASSED [ 47%]
test (ubuntu-latest, 3.11)	Run pytest	2026-10-01T08:02:30.5057943Z drift_gate/tests/test_html_reporter.py::TestRuleTable::test_rule_table_rendered PASSED [ 47%]
test (ubuntu-latest, 3.11)	Run pytest	2026-10-01T08:02:30.5064055Z drift_gate/tests/test_html_reporter.py::TestRuleTable::test_rule_table_absent_when_no_decisions PASSED [ 47%]
test (ubuntu-latest, 3.11)	Run pytest	2026-10-01T08:02:30.5070446Z drift_gate/tests/test_html_reporter.py::TestTemporalWarnings::test_temporal_warning_shown PASSED [ 47%]
test (ubuntu-latest, 3.11)	Run pytest	2026-10-01T08:02:30.5076548Z drift_gate/tests/test_html_reporter.py::TestTemporalWarnings::test_no_temporal_section_when_empty PASSED [ 47%]
test (ubuntu-latest, 3.11)	Run pytest	2026-10-01T08:02:30.5083992Z drift_gate/tests/test_html_reporter.py::TestViolationCard::test_trigger_files_shown PASSED [ 48%]
test (ubuntu-latest, 3.11)	Run pytest	2026-10-01T08:02:30.5091467Z drift_gate/tests/test_html_reporter.py::TestViolationCard::test_severity_badge_shown PASSED [ 48%]
test (ubuntu-latest, 3.11)	Run pytest	2026-10-01T08:02:30.5098392Z drift_gate/tests/test_html_reporter.py::TestViolationCard::test_missing_docs_shown PASSED [ 48%]
test (ubuntu-latest, 3.11)	Run pytest	2026-10-01T08:02:30.5106877Z drift_gate/tests/test_html_reporter.py::TestViolationCard::test_checklist_shown PASSED [ 48%]
test (ubuntu-latest, 3.11)	Run pytest	2026-10-01T08:02:30.5113953Z drift_gate/tests/test_html_reporter.py::TestViolationCard::test_override_block_present PASSED [ 48%]
test (ubuntu-latest, 3.11)	Run pytest	2026-10-01T08:02:30.5121313Z drift_gate/tests/test_html_reporter.py::TestViolationCard::test_copy_button_present PASSED [ 48%]
test (ubuntu-latest, 3.11)	Run pytest	2026-10-01T08:02:30.5128816Z drift_gate/tests/test_html_reporter.py::TestViolationCard::test_diff_snippet_shown_when_patch_present PASSED [ 49%]
test (ubuntu-latest, 3.11)	Run pytest	2026-10-01T08:02:30.5135919Z drift_gate/tests/test_html_reporter.py::TestViolationCard::test_diff_snippet_absent_when_no_patch PASSED [ 49%]
test (ubuntu-latest, 3.11)	Run pytest	2026-10-01T08:02:30.5143215Z drift_gate/tests/test_html_reporter.py::TestViolationCard::test_enrichment_fields_shown PASSED [ 49%]
test (ubuntu-latest, 3.11)	Run pytest	2026-10-01T08:02:30.5150232Z drift_gate/tests/test_html_reporter.py::TestViolationCard::test_semantic_evidence_shown PASSED [ 49%]
test (ubuntu-latest, 3.11)	Run pytest	2026-10-01T08:02:30.5157119Z drift_gate/tests/test_html_reporter.py::TestViolationNav::test_nav_shown_with_violations PASSED [ 49%]
test (ubuntu-latest, 3.11)	Run pytest	2026-10-01T08:02:30.5163435Z drift_gate/tests/test_html_reporter.py::TestViolationNav::test_nav_absent_when_no_violations PASSED [ 49%]
test (ubuntu-latest, 3.11)	Run pytest	2026-10-01T08:02:30.5170426Z drift_gate/tests/test_html_reporter.py::TestViolationNav::test_nav_links_to_anchor PASSED [ 49%]
test (ubuntu-latest, 3.11)	Run pytest	2026-10-01T08:02:30.5177040Z drift_gate/tests/test_html_reporter.py::TestHistoryHtml::test_history_html_valid_doctype PASSED [ 50%]
test (ubuntu-latest, 3.11)	Run pytest	2026-10-01T08:02:30.5182941Z drift_gate/tests/test_html_reporter.py::TestHistoryHtml::test_history_html_shows_run_count PASSED [ 50%]
test (ubuntu-latest, 3.11)	Run pytest	2026-10-01T08:02:30.5188973Z drift_gate/tests/test_html_reporter.py::TestHistoryHtml::test_history_html_shows_rule PASSED [ 50%]
test (ubuntu-latest, 3.11)	Run pytest	2026-10-01T08:02:30.5195086Z drift_gate/tests/test_html_reporter.py::TestHistoryHtml::test_history_html_escapes_content PASSED [ 50%]
test (ubuntu-latest, 3.11)	Run pytest	2026-10-01T08:02:30.5200688Z drift_gate/tests/test_html_reporter.py::TestHistoryHtml::test_history_html_empty_records PASSED [ 50%]
test (ubuntu-latest, 3.11)	Run pytest	2026-10-01T08:02:30.5205922Z drift_gate/tests/test_html_reporter.py::TestPathTraversal::test_rejects_dotdot PASSED [ 50%]
test (ubuntu-latest, 3.11)	Run pytest	2026-10-01T08:02:30.5211265Z drift_gate/tests/test_html_reporter.py::TestPathTraversal::test_rejects_absolute PASSED [ 50%]
test (ubuntu-latest, 3.11)	Run pytest	2026-10-01T08:02:30.5216747Z drift_gate/tests/test_html_reporter.py::TestPathTraversal::test_rejects_embedded_traversal PASSED [ 51%]
test (ubuntu-latest, 3.11)	Run pytest	2026-10-01T08:02:30.5221955Z drift_gate/tests/test_html_reporter.py::TestPathTraversal::test_accepts_normal_path PASSED [ 51%]
test (ubuntu-latest, 3.11)	Run pytest	2026-10-01T08:02:30.5227373Z drift_gate/tests/test_html_reporter.py::TestPathTraversal::test_accepts_nested_path PASSED [ 51%]
test (ubuntu-latest, 3.11)	Run pytest	2026-10-01T08:02:30.5234701Z drift_gate/tests/test_html_reporter.py::TestTokenNotLogged::test_enricher_call_api_doesnt_log_key PASSED [ 51%]
test (ubuntu-latest, 3.11)	Run pytest	2026-10-01T08:02:30.5242070Z drift_gate/tests/test_html_reporter.py::TestTokenNotLogged::test_github_client_doesnt_log_token PASSED [ 51%]
test (ubuntu-latest, 3.11)	Run pytest	2026-10-01T08:02:30.5318357Z drift_gate/tests/test_intensity_classifier.py::TestStatusShortcuts::test_added_file_is_export_added PASSED [ 51%]
test (ubuntu-latest, 3.11)	Run pytest	2026-10-01T08:02:30.5319560Z drift_gate/tests/test_intensity_classifier.py::TestStatusShortcuts::test_deleted_file_is_signature_change PASSED [ 52%]
test (ubuntu-latest, 3.11)	Run pytest	2026-10-01T08:02:30.5320894Z drift_gate/tests/test_intensity_classifier.py::TestStatusShortcuts::test_renamed_file_is_signature_change PASSED [ 52%]
test (ubuntu-latest, 3.11)	Run pytest	2026-10-01T08:02:30.5322349Z drift_gate/tests/test_intensity_classifier.py::TestStatusShortcuts::test_empty_patch_is_signature_change PASSED [ 52%]
test (ubuntu-latest, 3.11)	Run pytest	2026-10-01T08:02:30.5323543Z drift_gate/tests/test_intensity_classifier.py::TestStatusShortcuts::test_patch_with_only_hunk_header_is_impl_only PASSED [ 52%]
test (ubuntu-latest, 3.11)	Run pytest	2026-10-01T08:02:30.5324590Z drift_gate/tests/test_intensity_classifier.py::TestCommentOnly::test_python_hash_comment PASSED [ 52%]
test (ubuntu-latest, 3.11)	Run pytest	2026-10-01T08:02:30.5325543Z drift_gate/tests/test_intensity_classifier.py::TestCommentOnly::test_js_line_comment PASSED [ 52%]
test (ubuntu-latest, 3.11)	Run pytest	2026-10-01T08:02:30.5326754Z drift_gate/tests/test_intensity_classifier.py::TestCommentOnly::test_block_comment_star PASSED [ 52%]
test (ubuntu-latest, 3.11)	Run pytest	2026-10-01T08:02:30.5327782Z drift_gate/tests/test_intensity_classifier.py::TestCommentOnly::test_blank_lines_only PASSED [ 53%]
test (ubuntu-latest, 3.11)	Run pytest	2026-10-01T08:02:30.5328977Z drift_gate/tests/test_intensity_classifier.py::TestCommentOnly::test_docstring_triple_quote_only PASSED [ 53%]
test (ubuntu-latest, 3.11)	Run pytest	2026-10-01T08:02:30.5330240Z drift_gate/tests/test_intensity_classifier.py::TestConfigKeyAdded::test_new_env_var_uppercase PASSED [ 53%]
test (ubuntu-latest, 3.11)	Run pytest	2026-10-01T08:02:30.5331496Z drift_gate/tests/test_intensity_classifier.py::TestConfigKeyAdded::test_process_env_access PASSED [ 53%]
test (ubuntu-latest, 3.11)	Run pytest	2026-10-01T08:02:30.5332752Z drift_gate/tests/test_intensity_classifier.py::TestConfigKeyAdded::test_python_os_environ PASSED [ 53%]
test (ubuntu-latest, 3.11)	Run pytest	2026-10-01T08:02:30.5334037Z drift_gate/tests/test_intensity_classifier.py::TestConfigKeyAdded::test_pydantic_base_settings PASSED [ 53%]
test (ubuntu-latest, 3.11)	Run pytest	2026-10-01T08:02:30.5335297Z drift_gate/tests/test_intensity_classifier.py::TestConfigKeyAdded::test_removed_key_only_not_config_added PASSED [ 53%]
test (ubuntu-latest, 3.11)	Run pytest	2026-10-01T08:02:30.5336794Z drift_gate/tests/test_intensity_classifier.py::TestRouteContractChange::test_express_router_get PASSED [ 54%]
test (ubuntu-latest, 3.11)	Run pytest	2026-10-01T08:02:30.5337932Z drift_gate/tests/test_intensity_classifier.py::TestRouteContractChange::test_express_app_post PASSED [ 54%]
test (ubuntu-latest, 3.11)	Run pytest	2026-10-01T08:02:30.5338997Z drift_gate/tests/test_intensity_classifier.py::TestRouteContractChange::test_fastapi_decorator PASSED [ 54%]
test (ubuntu-latest, 3.11)	Run pytest	2026-10-01T08:02:30.5339751Z drift_gate/tests/test_intensity_classifier.py::TestRouteContractChange::test_typescript_http_decorator PASSED [ 54%]
test (ubuntu-latest, 3.11)	Run pytest	2026-10-01T08:02:30.5340638Z drift_gate/tests/test_intensity_classifier.py::TestRouteContractChange::test_request_response_dto PASSED [ 54%]
test (ubuntu-latest, 3.11)	Run pytest	2026-10-01T08:02:30.5348023Z drift_gate/tests/test_intensity_classifier.py::TestRouteContractChange::test_openapi_yaml_path PASSED [ 54%]
test (ubuntu-latest, 3.11)	Run pytest	2026-10-01T08:02:30.5353812Z drift_gate/tests/test_intensity_classifier.py::TestDbSchemaChange::test_create_table_sql PASSED [ 55%]
test (ubuntu-latest, 3.11)	Run pytest	2026-10-01T08:02:30.5359634Z drift_gate/tests/test_intensity_classifier.py::TestDbSchemaChange::test_alter_table_add_column PASSED [ 55%]
test (ubuntu-latest, 3.11)	Run pytest	2026-10-01T08:02:30.5365464Z drift_gate/tests/test_intensity_classifier.py::TestDbSchemaChange::test_drop_column PASSED [ 55%]
test (ubuntu-latest, 3.11)	Run pytest	2026-10-01T08:02:30.5371460Z drift_gate/tests/test_intensity_classifier.py::TestDbSchemaChange::test_prisma_model_block PASSED [ 55%]
test (ubuntu-latest, 3.11)	Run pytest	2026-10-01T08:02:30.5377720Z drift_gate/tests/test_intensity_classifier.py::TestDbSchemaChange::test_prisma_field_with_decorator PASSED [ 55%]
test (ubuntu-latest, 3.11)	Run pytest	2026-10-01T08:02:30.5383945Z drift_gate/tests/test_intensity_classifier.py::TestDbSchemaChange::test_not_null_constraint PASSED [ 55%]
test (ubuntu-latest, 3.11)	Run pytest	2026-10-01T08:02:30.5389929Z drift_gate/tests/test_intensity_classifier.py::TestAuthPolicyChange::test_role_keyword PASSED [ 55%]
test (ubuntu-latest, 3.11)	Run pytest	2026-10-01T08:02:30.5395858Z drift_gate/tests/test_intensity_classifier.py::TestAuthPolicyChange::test_rbac_keyword PASSED [ 56%]
test (ubuntu-latest, 3.11)	Run pytest	2026-10-01T08:02:30.5401874Z drift_gate/tests/test_intensity_classifier.py::TestAuthPolicyChange::test_require_role_call PASSED [ 56%]
test (ubuntu-latest, 3.11)	Run pytest	2026-10-01T08:02:30.5407908Z drift_gate/tests/test_intensity_classifier.py::TestAuthPolicyChange::test_auth_middleware PASSED [ 56%]
test (ubuntu-latest, 3.11)	Run pytest	2026-10-01T08:02:30.5413652Z drift_gate/tests/test_intensity_classifier.py::TestAuthPolicyChange::test_opa_policy_key PASSED [ 56%]
test (ubuntu-latest, 3.11)	Run pytest	2026-10-01T08:02:30.5419477Z drift_gate/tests/test_intensity_classifier.py::TestCiSecretChange::test_secrets_accessor PASSED [ 56%]
test (ubuntu-latest, 3.11)	Run pytest	2026-10-01T08:02:30.5425491Z drift_gate/tests/test_intensity_classifier.py::TestCiSecretChange::test_token_env_var PASSED [ 56%]
test (ubuntu-latest, 3.11)	Run pytest	2026-10-01T08:02:30.5431405Z drift_gate/tests/test_intensity_classifier.py::TestCiSecretChange::test_dockerfile_from PASSED [ 56%]
test (ubuntu-latest, 3.11)	Run pytest	2026-10-01T08:02:30.5437101Z drift_gate/tests/test_intensity_classifier.py::TestCiSecretChange::test_terraform_resource PASSED [ 57%]
test (ubuntu-latest, 3.11)	Run pytest	2026-10-01T08:02:30.5442891Z drift_gate/tests/test_intensity_classifier.py::TestCiSecretChange::test_k8s_apiversion PASSED [ 57%]
test (ubuntu-latest, 3.11)	Run pytest	2026-10-01T08:02:30.5448910Z drift_gate/tests/test_intensity_classifier.py::TestCiSecretChange::test_deploy_keyword PASSED [ 57%]
test (ubuntu-latest, 3.11)	Run pytest	2026-10-01T08:02:30.5454954Z drift_gate/tests/test_intensity_classifier.py::TestPublicCliChange::test_argparse_add_argument PASSED [ 57%]
test (ubuntu-latest, 3.11)	Run pytest	2026-10-01T08:02:30.5460879Z drift_gate/tests/test_intensity_classifier.py::TestPublicCliChange::test_click_option PASSED [ 57%]
test (ubuntu-latest, 3.11)	Run pytest	2026-10-01T08:02:30.5466777Z drift_gate/tests/test_intensity_classifier.py::TestPublicCliChange::test_subparser_command PASSED [ 57%]
test (ubuntu-latest, 3.11)	Run pytest	2026-10-01T08:02:30.5472685Z drift_gate/tests/test_intensity_classifier.py::TestPublicCliChange::test_commander_option PASSED [ 58%]
test (ubuntu-latest, 3.11)	Run pytest	2026-10-01T08:02:30.5478643Z drift_gate/tests/test_intensity_classifier.py::TestPublicCliChange::test_cobra_flags PASSED [ 58%]
test (ubuntu-latest, 3.11)	Run pytest	2026-10-01T08:02:30.5484689Z drift_gate/tests/test_intensity_classifier.py::TestExportAdded::test_new_js_export_function PASSED [ 58%]
test (ubuntu-latest, 3.11)	Run pytest	2026-10-01T08:02:30.5490950Z drift_gate/tests/test_intensity_classifier.py::TestExportAdded::test_new_ts_export_const PASSED [ 58%]
test (ubuntu-latest, 3.11)	Run pytest	2026-10-01T08:02:30.5497638Z drift_gate/tests/test_intensity_classifier.py::TestExportAdded::test_export_not_added_when_also_removed PASSED [ 58%]
test (ubuntu-latest, 3.11)	Run pytest	2026-10-01T08:02:30.5503688Z drift_gate/tests/test_intensity_classifier.py::TestExportAdded::test_python_public_class PASSED [ 58%]
test (ubuntu-latest, 3.11)	Run pytest	2026-10-01T08:02:30.5510080Z drift_gate/tests/test_intensity_classifier.py::TestSignatureChange::test_python_function_def PASSED [ 58%]
test (ubuntu-latest, 3.11)	Run pytest	2026-10-01T08:02:30.5516362Z drift_gate/tests/test_intensity_classifier.py::TestSignatureChange::test_typescript_interface PASSED [ 59%]
test (ubuntu-latest, 3.11)	Run pytest	2026-10-01T08:02:30.5522568Z drift_gate/tests/test_intensity_classifier.py::TestSignatureChange::test_class_definition PASSED [ 59%]
test (ubuntu-latest, 3.11)	Run pytest	2026-10-01T08:02:30.5530106Z drift_gate/tests/test_intensity_classifier.py::TestSignatureChange::test_impl_only_when_no_patterns_match PASSED [ 59%]
test (ubuntu-latest, 3.11)	Run pytest	2026-10-01T08:02:30.5535782Z drift_gate/tests/test_intensity_classifier.py::TestSemanticSignalOverride::test_env_key_added_signal PASSED [ 59%]
test (ubuntu-latest, 3.11)	Run pytest	2026-10-01T08:02:30.5541817Z drift_gate/tests/test_intensity_classifier.py::TestSemanticSignalOverride::test_route_contract_signal PASSED [ 59%]
test (ubuntu-latest, 3.11)	Run pytest	2026-10-01T08:02:30.5549825Z drift_gate/tests/test_intensity_classifier.py::TestSemanticSignalOverride::test_openapi_operation_signal PASSED [ 59%]
test (ubuntu-latest, 3.11)	Run pytest	2026-10-01T08:02:30.5555886Z drift_gate/tests/test_intensity_classifier.py::TestSemanticSignalOverride::test_db_model_signal PASSED [ 60%]
test (ubuntu-latest, 3.11)	Run pytest	2026-10-01T08:02:30.5561710Z drift_gate/tests/test_intensity_classifier.py::TestSemanticSignalOverride::test_function_signature_signal PASSED [ 60%]
test (ubuntu-latest, 3.11)	Run pytest	2026-10-01T08:02:30.5567583Z drift_gate/tests/test_intensity_classifier.py::TestSemanticSignalOverride::test_public_export_signal PASSED [ 60%]
test (ubuntu-latest, 3.11)	Run pytest	2026-10-01T08:02:30.5573300Z drift_gate/tests/test_intensity_classifier.py::TestSemanticSignalOverride::test_cli_flag_signal PASSED [ 60%]
test (ubuntu-latest, 3.11)	Run pytest	2026-10-01T08:02:30.5579193Z drift_gate/tests/test_intensity_classifier.py::TestSemanticSignalOverride::test_multiple_signals_highest_wins PASSED [ 60%]
test (ubuntu-latest, 3.11)	Run pytest	2026-10-01T08:02:30.5585371Z drift_gate/tests/test_intensity_classifier.py::TestSemanticSignalOverride::test_unknown_signal_falls_through_to_patch PASSED [ 60%]
test (ubuntu-latest, 3.11)	Run pytest	2026-10-01T08:02:30.5591705Z drift_gate/tests/test_intensity_classifier.py::TestMaxIntensity::test_highest_wins PASSED [ 60%]
test (ubuntu-latest, 3.11)	Run pytest	2026-10-01T08:02:30.5597224Z drift_gate/tests/test_intensity_classifier.py::TestMaxIntensity::test_single_file PASSED [ 61%]
test (ubuntu-latest, 3.11)	Run pytest	2026-10-01T08:02:30.5602949Z drift_gate/tests/test_intensity_classifier.py::TestMaxIntensity::test_empty_list_returns_comment_only PASSED [ 61%]
test (ubuntu-latest, 3.11)	Run pytest	2026-10-01T08:02:30.5608765Z drift_gate/tests/test_intensity_classifier.py::TestMeetsMinIntensity::test_any_always_passes PASSED [ 61%]
test (ubuntu-latest, 3.11)	Run pytest	2026-10-01T08:02:30.5614368Z drift_gate/tests/test_intensity_classifier.py::TestMeetsMinIntensity::test_empty_always_passes PASSED [ 61%]
test (ubuntu-latest, 3.11)	Run pytest	2026-10-01T08:02:30.5619920Z drift_gate/tests/test_intensity_classifier.py::TestMeetsMinIntensity::test_none_always_passes PASSED [ 61%]
test (ubuntu-latest, 3.11)	Run pytest	2026-10-01T08:02:30.5625416Z drift_gate/tests/test_intensity_classifier.py::TestMeetsMinIntensity::test_exact_match PASSED [ 61%]
test (ubuntu-latest, 3.11)	Run pytest	2026-10-01T08:02:30.5633337Z drift_gate/tests/test_intensity_classifier.py::TestMeetsMinIntensity::test_higher_actual_passes PASSED [ 61%]
test (ubuntu-latest, 3.11)	Run pytest	2026-10-01T08:02:30.5639757Z drift_gate/tests/test_intensity_classifier.py::TestMeetsMinIntensity::test_lower_actual_fails PASSED [ 62%]
test (ubuntu-latest, 3.11)	Run pytest	2026-10-01T08:02:30.5646285Z drift_gate/tests/test_intensity_classifier.py::TestMeetsMinIntensity::test_impl_only_below_signature PASSED [ 62%]
test (ubuntu-latest, 3.11)	Run pytest	2026-10-01T08:02:30.5681508Z drift_gate/tests/test_mcp_tools.py::test_mcp_list_and_explain_rules PASSED [ 62%]
test (ubuntu-latest, 3.11)	Run pytest	2026-10-01T08:02:30.5693515Z drift_gate/tests/test_mcp_tools.py::test_mcp_suggest_policy PASSED       [ 62%]
test (ubuntu-latest, 3.11)	Run pytest	2026-10-01T08:02:30.5705962Z drift_gate/tests/test_mcp_tools.py::test_mcp_history PASSED              [ 62%]
test (ubuntu-latest, 3.11)	Run pytest	2026-10-01T08:02:30.5729075Z drift_gate/tests/test_mcp_tools.py::test_mcp_check_pr PASSED             [ 62%]
test (ubuntu-latest, 3.11)	Run pytest	2026-10-01T08:02:30.5751066Z drift_gate/tests/test_mcp_tools.py::test_mcp_prepare_fix_plan PASSED     [ 63%]
test (ubuntu-latest, 3.11)	Run pytest	2026-10-01T08:02:30.5769522Z drift_gate/tests/test_mcp_tools.py::test_mcp_server_handle_request PASSED [ 63%]
test (ubuntu-latest, 3.11)	Run pytest	2026-10-01T08:02:30.5800666Z drift_gate/tests/test_mcp_tools.py::test_mcp_compact_local_and_bounded_evidence PASSED [ 63%]
test (ubuntu-latest, 3.11)	Run pytest	2026-10-01T08:02:30.5904509Z drift_gate/tests/test_policy_setup.py::test_scan_without_policy_raises_a_recognizable_error PASSED [ 63%]
test (ubuntu-latest, 3.11)	Run pytest	2026-10-01T08:02:30.6030989Z drift_gate/tests/test_policy_setup.py::test_preview_recommends_from_the_repository_not_the_working_directory PASSED [ 63%]
test (ubuntu-latest, 3.11)	Run pytest	2026-10-01T08:02:30.6205107Z drift_gate/tests/test_policy_setup.py::test_create_writes_a_loadable_policy_and_never_overwrites PASSED [ 63%]
test (ubuntu-latest, 3.11)	Run pytest	2026-10-01T08:02:30.6309454Z drift_gate/tests/test_policy_setup.py::test_unknown_preset_is_rejected PASSED [ 63%]
test (ubuntu-latest, 3.11)	Run pytest	2026-10-01T08:02:30.6510553Z drift_gate/tests/test_policy_setup.py::test_every_preset_loads_and_scans[api] PASSED [ 64%]
test (ubuntu-latest, 3.11)	Run pytest	2026-10-01T08:02:30.6719874Z drift_gate/tests/test_policy_setup.py::test_every_preset_loads_and_scans[auth] PASSED [ 64%]
test (ubuntu-latest, 3.11)	Run pytest	2026-10-01T08:02:30.6929573Z drift_gate/tests/test_policy_setup.py::test_every_preset_loads_and_scans[ci] PASSED [ 64%]
test (ubuntu-latest, 3.11)	Run pytest	2026-10-01T08:02:30.7140568Z drift_gate/tests/test_policy_setup.py::test_every_preset_loads_and_scans[db] PASSED [ 64%]
test (ubuntu-latest, 3.11)	Run pytest	2026-10-01T08:02:30.7343697Z drift_gate/tests/test_policy_setup.py::test_every_preset_loads_and_scans[env] PASSED [ 64%]
test (ubuntu-latest, 3.11)	Run pytest	2026-10-01T08:02:30.7641154Z drift_gate/tests/test_policy_setup.py::test_every_preset_loads_and_scans[fullstack] PASSED [ 64%]
test (ubuntu-latest, 3.11)	Run pytest	2026-10-01T08:02:30.7796321Z drift_gate/tests/test_progress_drafts.py::test_restart_recovers_incomplete_fields_without_changing_baseline PASSED [ 64%]
test (ubuntu-latest, 3.11)	Run pytest	2026-10-01T08:02:30.7897769Z drift_gate/tests/test_progress_drafts.py::test_drafts_are_separate_for_worktrees_and_survive_conflicting_confirmed_version PASSED [ 65%]
test (ubuntu-latest, 3.11)	Run pytest	2026-10-01T08:02:30.7956410Z drift_gate/tests/test_progress_drafts.py::test_corrupt_recovery_does_not_replace_the_confirmed_baseline_or_destroy_copy[{] PASSED [ 65%]
test (ubuntu-latest, 3.11)	Run pytest	2026-10-01T08:02:30.8012122Z drift_gate/tests/test_progress_drafts.py::test_corrupt_recovery_does_not_replace_the_confirmed_baseline_or_destroy_copy[{"schema":1,"draft":{}}] PASSED [ 65%]
test (ubuntu-latest, 3.11)	Run pytest	2026-10-01T08:02:30.8179036Z drift_gate/tests/test_progress_drafts.py::test_invalid_or_oversized_write_keeps_the_last_valid_copy PASSED [ 65%]
test (ubuntu-latest, 3.11)	Run pytest	2026-10-01T08:02:30.8184005Z drift_gate/tests/test_progress_history.py::test_diff_classifies_each_kind_of_change PASSED [ 65%]
test (ubuntu-latest, 3.11)	Run pytest	2026-10-01T08:02:30.8189212Z drift_gate/tests/test_progress_history.py::test_confirmed_not_implemented_staying_so_is_not_a_regression PASSED [ 65%]
test (ubuntu-latest, 3.11)	Run pytest	2026-10-01T08:02:30.8201000Z drift_gate/tests/test_progress_history.py::test_snapshots_record_changes_skip_duplicates_and_are_capped PASSED [ 66%]
test (ubuntu-latest, 3.11)	Run pytest	2026-10-01T08:02:30.8207413Z drift_gate/tests/test_progress_history.py::test_summary_lists_newest_first_and_changes_since_the_last_save PASSED [ 66%]
test (ubuntu-latest, 3.11)	Run pytest	2026-10-01T08:02:30.8213125Z drift_gate/tests/test_progress_report.py::test_markdown_summarizes_counts_items_and_discrepancies PASSED [ 66%]
test (ubuntu-latest, 3.11)	Run pytest	2026-10-01T08:02:30.8218650Z drift_gate/tests/test_progress_report.py::test_stale_documents_and_evidence_are_marked_for_recheck PASSED [ 66%]
test (ubuntu-latest, 3.11)	Run pytest	2026-10-01T08:02:30.8224381Z drift_gate/tests/test_progress_report.py::test_markdown_includes_history_and_changes_since_the_last_save PASSED [ 66%]
test (ubuntu-latest, 3.11)	Run pytest	2026-10-01T08:02:30.8230498Z drift_gate/tests/test_progress_report.py::test_report_shows_document_roles_and_keeps_context_excluded_when_stale PASSED [ 66%]
test (ubuntu-latest, 3.11)	Run pytest	2026-10-01T08:02:30.8496099Z drift_gate/tests/test_progress_service.py::test_checkmark_and_found_file_do_not_mean_complete PASSED [ 66%]
test (ubuntu-latest, 3.11)	Run pytest	2026-10-01T08:02:30.8731001Z drift_gate/tests/test_progress_service.py::test_verified_requires_reviewed_code_and_note PASSED [ 67%]
test (ubuntu-latest, 3.11)	Run pytest	2026-10-01T08:02:30.8877126Z drift_gate/tests/test_progress_service.py::test_missing_evidence_cannot_be_marked_implemented PASSED [ 67%]
test (ubuntu-latest, 3.11)	Run pytest	2026-10-01T08:02:30.9180077Z drift_gate/tests/test_progress_service.py::test_document_change_invalidates_progress_and_excluded_item_leaves_denominator PASSED [ 67%]
test (ubuntu-latest, 3.11)	Run pytest	2026-10-01T08:02:30.9305347Z drift_gate/tests/test_progress_service.py::test_untracked_doc_is_visible_and_path_traversal_blocked PASSED [ 67%]
test (ubuntu-latest, 3.11)	Run pytest	2026-10-01T08:02:30.9395886Z drift_gate/tests/test_progress_service.py::test_completion_table_becomes_reviewable_features PASSED [ 67%]
test (ubuntu-latest, 3.11)	Run pytest	2026-10-01T08:02:30.9500968Z drift_gate/tests/test_progress_service.py::test_code_blocks_are_not_requirements_and_real_headings_survive PASSED [ 67%]
test (ubuntu-latest, 3.11)	Run pytest	2026-10-01T08:02:30.9605602Z drift_gate/tests/test_progress_service.py::test_unclosed_fence_hides_the_rest_but_keeps_earlier_items PASSED [ 67%]
test (ubuntu-latest, 3.11)	Run pytest	2026-10-01T08:02:30.9772728Z drift_gate/tests/test_progress_service.py::test_same_title_in_several_documents_is_kept_as_duplicate_locations PASSED [ 68%]
test (ubuntu-latest, 3.11)	Run pytest	2026-10-01T08:02:30.9880998Z drift_gate/tests/test_progress_service.py::test_doc_whose_only_item_is_a_duplicate_does_not_fall_back_to_headings PASSED [ 68%]
test (ubuntu-latest, 3.11)	Run pytest	2026-10-01T08:02:31.0061220Z drift_gate/tests/test_progress_service.py::test_save_reports_every_invalid_item_with_its_field PASSED [ 68%]
test (ubuntu-latest, 3.11)	Run pytest	2026-10-01T08:02:31.0211921Z drift_gate/tests/test_progress_service.py::test_duplicate_locations_must_point_at_selected_documents PASSED [ 68%]
test (ubuntu-latest, 3.11)	Run pytest	2026-10-01T08:02:31.0219633Z drift_gate/tests/test_progress_service.py::test_remote_urls_of_one_repository_normalize_to_the_same_identity PASSED [ 68%]
test (ubuntu-latest, 3.11)	Run pytest	2026-10-01T08:02:31.0467967Z drift_gate/tests/test_progress_service.py::test_baseline_follows_the_remote_when_the_folder_moves PASSED [ 68%]
test (ubuntu-latest, 3.11)	Run pytest	2026-10-01T08:02:31.0672786Z drift_gate/tests/test_progress_service.py::test_projects_with_different_remotes_keep_separate_baselines PASSED [ 69%]
test (ubuntu-latest, 3.11)	Run pytest	2026-10-01T08:02:31.0945557Z drift_gate/tests/test_progress_service.py::test_baseline_saved_before_remote_keys_is_found_and_rewritten PASSED [ 69%]
test (ubuntu-latest, 3.11)	Run pytest	2026-10-01T08:02:31.1191100Z drift_gate/tests/test_progress_service.py::test_repository_without_a_usable_remote_still_keys_by_path PASSED [ 69%]
test (ubuntu-latest, 3.11)	Run pytest	2026-10-01T08:02:31.1548946Z drift_gate/tests/test_progress_service.py::test_document_done_mark_without_backing_evidence_is_reported_not_trusted PASSED [ 69%]
test (ubuntu-latest, 3.11)	Run pytest	2026-10-01T08:02:31.1694850Z drift_gate/tests/test_progress_service.py::test_invalid_document_mark_is_rejected PASSED [ 69%]
test (ubuntu-latest, 3.11)	Run pytest	2026-10-01T08:02:31.1982661Z drift_gate/tests/test_progress_service.py::test_evidence_becomes_stale_when_its_file_changes_shrinks_or_disappears PASSED [ 69%]
test (ubuntu-latest, 3.11)	Run pytest	2026-10-01T08:02:31.2165825Z drift_gate/tests/test_progress_service.py::test_service_runs_few_git_commands PASSED [ 69%]
test (ubuntu-latest, 3.11)	Run pytest	2026-10-01T08:02:31.2313400Z drift_gate/tests/test_progress_service.py::test_malformed_evidence_paths_are_reported_not_crashed PASSED [ 70%]
test (ubuntu-latest, 3.11)	Run pytest	2026-10-01T08:02:31.2499809Z drift_gate/tests/test_progress_service.py::test_scan_impact_lists_items_whose_evidence_file_is_in_the_change_set PASSED [ 70%]
test (ubuntu-latest, 3.11)	Run pytest	2026-10-01T08:02:31.2754716Z drift_gate/tests/test_progress_service.py::test_scan_impact_distinguishes_unchanged_content_renames_and_deletions PASSED [ 70%]
test (ubuntu-latest, 3.11)	Run pytest	2026-10-01T08:02:31.3035054Z drift_gate/tests/test_progress_service.py::test_scan_impact_reports_changed_baseline_documents_and_ignores_excluded_items PASSED [ 70%]
test (ubuntu-latest, 3.11)	Run pytest	2026-10-01T08:02:31.3123039Z drift_gate/tests/test_progress_service.py::test_scan_impact_is_none_without_a_saved_baseline PASSED [ 70%]
test (ubuntu-latest, 3.11)	Run pytest	2026-10-01T08:02:31.3701938Z drift_gate/tests/test_progress_service.py::test_history_records_each_save_and_shows_change_since_the_last_one PASSED [ 70%]
test (ubuntu-latest, 3.11)	Run pytest	2026-10-01T08:02:31.3979452Z drift_gate/tests/test_progress_service.py::test_history_survives_a_folder_move_and_ignores_a_damaged_file PASSED [ 70%]
test (ubuntu-latest, 3.11)	Run pytest	2026-10-01T08:02:31.4364216Z drift_gate/tests/test_progress_service.py::test_history_kept_under_the_old_path_key_is_still_read_after_a_remote_is_added PASSED [ 71%]
test (ubuntu-latest, 3.11)	Run pytest	2026-10-01T08:02:31.4691753Z drift_gate/tests/test_progress_service.py::test_report_flags_test_names_missing_from_the_repository_test_files PASSED [ 71%]
test (ubuntu-latest, 3.11)	Run pytest	2026-10-01T08:02:31.4945278Z drift_gate/tests/test_progress_service.py::test_document_roles_extract_only_current_and_context_changes_keep_counts PASSED [ 71%]
test (ubuntu-latest, 3.11)	Run pytest	2026-10-01T08:02:31.5463487Z drift_gate/tests/test_progress_service.py::test_role_changes_preserve_evidence_version_and_history PASSED [ 71%]
test (ubuntu-latest, 3.11)	Run pytest	2026-10-01T08:02:31.5714036Z drift_gate/tests/test_progress_service.py::test_legacy_baseline_defaults_to_current_without_version_bump PASSED [ 71%]
test (ubuntu-latest, 3.11)	Run pytest	2026-10-01T08:02:31.5899282Z drift_gate/tests/test_progress_service.py::test_only_context_selection_is_valid_and_has_no_current_goals PASSED [ 71%]
test (ubuntu-latest, 3.11)	Run pytest	2026-10-01T08:02:31.5984241Z drift_gate/tests/test_progress_service.py::test_invalid_document_roles_are_rejected_cleanly[selected0] PASSED [ 72%]
test (ubuntu-latest, 3.11)	Run pytest	2026-10-01T08:02:31.6071406Z drift_gate/tests/test_progress_service.py::test_invalid_document_roles_are_rejected_cleanly[selected1] PASSED [ 72%]
test (ubuntu-latest, 3.11)	Run pytest	2026-10-01T08:02:31.6157807Z drift_gate/tests/test_progress_service.py::test_invalid_document_roles_are_rejected_cleanly[selected2] PASSED [ 72%]
test (ubuntu-latest, 3.11)	Run pytest	2026-10-01T08:02:31.6242155Z drift_gate/tests/test_progress_service.py::test_invalid_document_roles_are_rejected_cleanly[selected3] PASSED [ 72%]
test (ubuntu-latest, 3.11)	Run pytest	2026-10-01T08:02:31.6439995Z drift_gate/tests/test_progress_service.py::test_remaining_current_duplicate_keeps_goal_in_scope PASSED [ 72%]
test (ubuntu-latest, 3.11)	Run pytest	2026-10-01T08:02:31.6561773Z drift_gate/tests/test_progress_service.py::test_save_rejects_unknown_or_unselected_document_roles PASSED [ 72%]
test (ubuntu-latest, 3.11)	Run pytest	2026-10-01T08:02:31.6841891Z drift_gate/tests/test_progress_service.py::test_review_impact_does_not_claim_context_evidence_changes_affect_counts PASSED [ 72%]
test (ubuntu-latest, 3.11)	Run pytest	2026-10-01T08:02:31.7302941Z drift_gate/tests/test_progress_service.py::test_merged_reextraction_adds_past_goals_without_losing_evidence_or_history PASSED [ 73%]
test (ubuntu-latest, 3.11)	Run pytest	2026-10-01T08:02:31.7609758Z drift_gate/tests/test_progress_service.py::test_saving_retained_evidence_does_not_refresh_changed_code_without_review PASSED [ 73%]
test (ubuntu-latest, 3.11)	Run pytest	2026-10-01T08:02:31.8082170Z drift_gate/tests/test_progress_service.py::test_reextracted_document_preserves_review_but_requires_explicit_reconfirmation PASSED [ 73%]
test (ubuntu-latest, 3.11)	Run pytest	2026-10-01T08:02:31.8426484Z drift_gate/tests/test_progress_service.py::test_retained_removed_source_is_not_dropped_or_counted_as_reviewed PASSED [ 73%]
test (ubuntu-latest, 3.11)	Run pytest	2026-10-01T08:02:31.8662680Z drift_gate/tests/test_progress_service.py::test_document_marker_keeps_identity_across_line_and_title_changes PASSED [ 73%]
test (ubuntu-latest, 3.11)	Run pytest	2026-10-01T08:02:31.8764301Z drift_gate/tests/test_progress_service.py::test_duplicate_or_multiple_document_markers_are_rejected[- [ ] \uccab \uae30\ub2a5 <!-- progress-id: duplicate -->\n- [ ] \ub2e4\ub978 \uae30\ub2a5 <!-- progress-id: duplicate -->\n] PASSED [ 73%]
test (ubuntu-latest, 3.11)	Run pytest	2026-10-01T08:02:31.8870599Z drift_gate/tests/test_progress_service.py::test_duplicate_or_multiple_document_markers_are_rejected[- [ ] \uae30\ub2a5 <!-- progress-id: first --> <!-- progress-id: second -->\n] PASSED [ 73%]
test (ubuntu-latest, 3.11)	Run pytest	2026-10-01T08:02:31.9012847Z drift_gate/tests/test_progress_service.py::test_document_marker_cannot_be_changed_without_its_source PASSED [ 74%]
test (ubuntu-latest, 3.11)	Run pytest	2026-10-01T08:02:31.9019031Z drift_gate/tests/test_report_naming.py::test_default_name_contains_project_branch_version_kind_and_time PASSED [ 74%]
test (ubuntu-latest, 3.11)	Run pytest	2026-10-01T08:02:31.9024972Z drift_gate/tests/test_report_naming.py::test_different_projects_and_versions_do_not_collide PASSED [ 74%]
test (ubuntu-latest, 3.11)	Run pytest	2026-10-01T08:02:31.9030656Z drift_gate/tests/test_report_naming.py::test_empty_segments_are_dropped_with_their_separator PASSED [ 74%]
test (ubuntu-latest, 3.11)	Run pytest	2026-10-01T08:02:31.9037394Z drift_gate/tests/test_report_naming.py::test_unsafe_characters_are_replaced_and_korean_is_kept PASSED [ 74%]
test (ubuntu-latest, 3.11)	Run pytest	2026-10-01T08:02:31.9043367Z drift_gate/tests/test_report_naming.py::test_custom_template_and_invalid_template_fallback PASSED [ 74%]
test (ubuntu-latest, 3.11)	Run pytest	2026-10-01T08:02:31.9049107Z drift_gate/tests/test_report_naming.py::test_windows_reserved_names_are_prefixed PASSED [ 75%]
test (ubuntu-latest, 3.11)	Run pytest	2026-10-01T08:02:31.9061630Z drift_gate/tests/test_report_naming.py::test_template_from_policy_reads_report_filename_only PASSED [ 75%]
test (ubuntu-latest, 3.11)	Run pytest	2026-10-01T08:02:31.9248099Z drift_gate/tests/test_report_naming.py::test_detect_project_prefers_exact_tag_over_manifest PASSED [ 75%]
test (ubuntu-latest, 3.11)	Run pytest	2026-10-01T08:02:31.9469254Z drift_gate/tests/test_report_naming.py::test_detect_project_reads_pyproject_and_tolerates_missing_manifest PASSED [ 75%]
test (ubuntu-latest, 3.11)	Run pytest	2026-10-01T08:02:31.9597213Z drift_gate/tests/test_report_naming.py::test_default_report_path_uses_repository_folder_and_policy_template PASSED [ 75%]
test (ubuntu-latest, 3.11)	Run pytest	2026-10-01T08:02:31.9602488Z drift_gate/tests/test_review.py::TestIsCoreFile::test_core_file_detected PASSED [ 75%]
test (ubuntu-latest, 3.11)	Run pytest	2026-10-01T08:02:31.9608180Z drift_gate/tests/test_review.py::TestIsCoreFile::test_core_subfolder_detected PASSED [ 75%]
test (ubuntu-latest, 3.11)	Run pytest	2026-10-01T08:02:31.9613683Z drift_gate/tests/test_review.py::TestIsCoreFile::test_adapter_file_not_core PASSED [ 76%]
test (ubuntu-latest, 3.11)	Run pytest	2026-10-01T08:02:31.9619178Z drift_gate/tests/test_review.py::TestIsCoreFile::test_test_file_not_core PASSED [ 76%]
test (ubuntu-latest, 3.11)	Run pytest	2026-10-01T08:02:31.9624417Z drift_gate/tests/test_review.py::TestIsCoreFile::test_bare_core_path_without_package PASSED [ 76%]
test (ubuntu-latest, 3.11)	Run pytest	2026-10-01T08:02:31.9629901Z drift_gate/tests/test_review.py::TestIsCoreFile::test_windows_path_normalized PASSED [ 76%]
test (ubuntu-latest, 3.11)	Run pytest	2026-10-01T08:02:31.9655551Z drift_gate/tests/test_review.py::TestCoreIOChecks::test_print_in_core_is_high PASSED [ 76%]
test (ubuntu-latest, 3.11)	Run pytest	2026-10-01T08:02:31.9662382Z drift_gate/tests/test_review.py::TestCoreIOChecks::test_sys_exit_in_core_is_high PASSED [ 76%]
test (ubuntu-latest, 3.11)	Run pytest	2026-10-01T08:02:31.9668615Z drift_gate/tests/test_review.py::TestCoreIOChecks::test_subprocess_import_in_core_is_high PASSED [ 76%]
test (ubuntu-latest, 3.11)	Run pytest	2026-10-01T08:02:31.9674282Z drift_gate/tests/test_review.py::TestCoreIOChecks::test_network_import_in_core_is_high PASSED [ 77%]
test (ubuntu-latest, 3.11)	Run pytest	2026-10-01T08:02:31.9680223Z drift_gate/tests/test_review.py::TestCoreIOChecks::test_urllib_from_import_in_core_is_high PASSED [ 77%]
test (ubuntu-latest, 3.11)	Run pytest	2026-10-01T08:02:31.9686294Z drift_gate/tests/test_review.py::TestCoreIOChecks::test_print_in_adapter_is_not_flagged PASSED [ 77%]
test (ubuntu-latest, 3.11)	Run pytest	2026-10-01T08:02:31.9692775Z drift_gate/tests/test_review.py::TestCoreIOChecks::test_clean_core_file_no_findings PASSED [ 77%]
test (ubuntu-latest, 3.11)	Run pytest	2026-10-01T08:02:31.9698679Z drift_gate/tests/test_review.py::TestQualityChecks::test_mutable_default_list PASSED [ 77%]
test (ubuntu-latest, 3.11)	Run pytest	2026-10-01T08:02:31.9704431Z drift_gate/tests/test_review.py::TestQualityChecks::test_mutable_default_dict PASSED [ 77%]
test (ubuntu-latest, 3.11)	Run pytest	2026-10-01T08:02:31.9710620Z drift_gate/tests/test_review.py::TestQualityChecks::test_bare_except PASSED [ 78%]
test (ubuntu-latest, 3.11)	Run pytest	2026-10-01T08:02:31.9716561Z drift_gate/tests/test_review.py::TestQualityChecks::test_swallowed_exception PASSED [ 78%]
test (ubuntu-latest, 3.11)	Run pytest	2026-10-01T08:02:31.9722248Z drift_gate/tests/test_review.py::TestQualityChecks::test_token_logging_high PASSED [ 78%]
test (ubuntu-latest, 3.11)	Run pytest	2026-10-01T08:02:31.9728793Z drift_gate/tests/test_review.py::TestQualityChecks::test_clean_file_no_quality_issues PASSED [ 78%]
test (ubuntu-latest, 3.11)	Run pytest	2026-10-01T08:02:31.9734901Z drift_gate/tests/test_review.py::TestReviewFiles::test_reviews_multiple_files PASSED [ 78%]
test (ubuntu-latest, 3.11)	Run pytest	2026-10-01T08:02:31.9740407Z drift_gate/tests/test_review.py::TestReviewFiles::test_skips_unreadable_file PASSED [ 78%]
test (ubuntu-latest, 3.11)	Run pytest	2026-10-01T08:02:31.9746131Z drift_gate/tests/test_review.py::TestReviewFiles::test_no_findings_for_clean_files PASSED [ 78%]
test (ubuntu-latest, 3.11)	Run pytest	2026-10-01T08:02:31.9751474Z drift_gate/tests/test_review.py::TestReviewResultOutput::test_format_markdown_contains_finding PASSED [ 79%]
test (ubuntu-latest, 3.11)	Run pytest	2026-10-01T08:02:31.9756915Z drift_gate/tests/test_review.py::TestReviewResultOutput::test_format_markdown_empty_result PASSED [ 79%]
test (ubuntu-latest, 3.11)	Run pytest	2026-10-01T08:02:31.9761955Z drift_gate/tests/test_review.py::TestReviewResultOutput::test_to_dict_structure PASSED [ 79%]
test (ubuntu-latest, 3.11)	Run pytest	2026-10-01T08:02:31.9767231Z drift_gate/tests/test_review.py::TestReviewResultOutput::test_has_high_property PASSED [ 79%]
test (ubuntu-latest, 3.11)	Run pytest	2026-10-01T08:02:31.9772723Z drift_gate/tests/test_review.py::TestReviewResultOutput::test_has_high_false_when_no_high PASSED [ 79%]
test (ubuntu-latest, 3.11)	Run pytest	2026-10-01T08:02:31.9778021Z drift_gate/tests/test_review.py::TestReviewResultOutput::test_by_severity_filters_correctly PASSED [ 79%]
test (ubuntu-latest, 3.11)	Run pytest	2026-10-01T08:02:31.9784153Z drift_gate/tests/test_review.py::TestLineNumbers::test_finding_line_number_correct PASSED [ 80%]
test (ubuntu-latest, 3.11)	Run pytest	2026-10-01T08:02:31.9790595Z drift_gate/tests/test_review.py::TestFilesystemIOInCore::test_open_in_core_is_high PASSED [ 80%]
test (ubuntu-latest, 3.11)	Run pytest	2026-10-01T08:02:31.9797053Z drift_gate/tests/test_review.py::TestFilesystemIOInCore::test_read_text_in_core_is_high PASSED [ 80%]
test (ubuntu-latest, 3.11)	Run pytest	2026-10-01T08:02:31.9803089Z drift_gate/tests/test_review.py::TestFilesystemIOInCore::test_open_in_adapter_not_flagged PASSED [ 80%]
test (ubuntu-latest, 3.11)	Run pytest	2026-10-01T08:02:31.9811046Z drift_gate/tests/test_review.py::TestFindUncoveredFunctions::test_detects_gap_when_no_test_added PASSED [ 80%]
test (ubuntu-latest, 3.11)	Run pytest	2026-10-01T08:02:31.9816832Z drift_gate/tests/test_review.py::TestFindUncoveredFunctions::test_no_gap_when_test_is_in_diff PASSED [ 80%]
test (ubuntu-latest, 3.11)	Run pytest	2026-10-01T08:02:31.9822568Z drift_gate/tests/test_review.py::TestFindUncoveredFunctions::test_skips_private_functions PASSED [ 80%]
test (ubuntu-latest, 3.11)	Run pytest	2026-10-01T08:02:31.9827813Z drift_gate/tests/test_review.py::TestFindUncoveredFunctions::test_skips_test_files PASSED [ 81%]
test (ubuntu-latest, 3.11)	Run pytest	2026-10-01T08:02:31.9833204Z drift_gate/tests/test_review.py::TestFindUncoveredFunctions::test_empty_patch_no_gaps PASSED [ 81%]
test (ubuntu-latest, 3.11)	Run pytest	2026-10-01T08:02:31.9839047Z drift_gate/tests/test_review.py::TestFindUncoveredFunctions::test_gap_attributes PASSED [ 81%]
test (ubuntu-latest, 3.11)	Run pytest	2026-10-01T08:02:31.9844326Z drift_gate/tests/test_review.py::TestFindUncoveredFunctions::test_review_result_includes_test_gaps PASSED [ 81%]
test (ubuntu-latest, 3.11)	Run pytest	2026-10-01T08:02:31.9849666Z drift_gate/tests/test_review.py::TestFindUncoveredFunctions::test_to_dict_includes_test_gaps PASSED [ 81%]
test (ubuntu-latest, 3.11)	Run pytest	2026-10-01T08:02:31.9855102Z drift_gate/tests/test_review.py::TestFindUncoveredFunctions::test_validator_change_requires_validator_test_file PASSED [ 81%]
test (ubuntu-latest, 3.11)	Run pytest	2026-10-01T08:02:31.9860745Z drift_gate/tests/test_review.py::TestFindUncoveredFunctions::test_validator_gap_satisfied_by_validator_test_file PASSED [ 81%]
test (ubuntu-latest, 3.11)	Run pytest	2026-10-01T08:02:31.9866375Z drift_gate/tests/test_review.py::TestReporterFieldGaps::test_detects_result_field_missing_from_reporter_output PASSED [ 82%]
test (ubuntu-latest, 3.11)	Run pytest	2026-10-01T08:02:31.9871532Z drift_gate/tests/test_review.py::TestReporterFieldGaps::test_reporter_gap_accepts_snake_case_or_readable_label PASSED [ 82%]
test (ubuntu-latest, 3.11)	Run pytest	2026-10-01T08:02:31.9879947Z drift_gate/tests/test_review.py::TestReporterFieldGaps::test_current_reporters_cover_evaluation_result_fields_used_by_review PASSED [ 82%]
test (ubuntu-latest, 3.11)	Run pytest	2026-10-01T08:02:31.9886887Z drift_gate/tests/test_self_audit.py::TestChecklistParser::test_parses_checked_item PASSED [ 82%]
test (ubuntu-latest, 3.11)	Run pytest	2026-10-01T08:02:31.9892356Z drift_gate/tests/test_self_audit.py::TestChecklistParser::test_parses_unchecked_item PASSED [ 82%]
test (ubuntu-latest, 3.11)	Run pytest	2026-10-01T08:02:31.9898038Z drift_gate/tests/test_self_audit.py::TestChecklistParser::test_parses_uppercase_x PASSED [ 82%]
test (ubuntu-latest, 3.11)	Run pytest	2026-10-01T08:02:31.9903915Z drift_gate/tests/test_self_audit.py::TestChecklistParser::test_parses_multiple_items PASSED [ 83%]
test (ubuntu-latest, 3.11)	Run pytest	2026-10-01T08:02:31.9909621Z drift_gate/tests/test_self_audit.py::TestChecklistParser::test_captures_section_heading PASSED [ 83%]
test (ubuntu-latest, 3.11)	Run pytest	2026-10-01T08:02:31.9914952Z drift_gate/tests/test_self_audit.py::TestChecklistParser::test_line_number_is_correct PASSED [ 83%]
test (ubuntu-latest, 3.11)	Run pytest	2026-10-01T08:02:31.9920496Z drift_gate/tests/test_self_audit.py::TestChecklistParser::test_ignores_non_checkbox_list_items PASSED [ 83%]
test (ubuntu-latest, 3.11)	Run pytest	2026-10-01T08:02:31.9925749Z drift_gate/tests/test_self_audit.py::TestChecklistParser::test_indented_items_captured PASSED [ 83%]
test (ubuntu-latest, 3.11)	Run pytest	2026-10-01T08:02:31.9931342Z drift_gate/tests/test_self_audit.py::TestChecklistParser::test_extracts_file_hint_from_backtick PASSED [ 83%]
test (ubuntu-latest, 3.11)	Run pytest	2026-10-01T08:02:31.9938436Z drift_gate/tests/test_self_audit.py::TestChecklistParser::test_extracts_rule_id_hint PASSED [ 83%]
test (ubuntu-latest, 3.11)	Run pytest	2026-10-01T08:02:31.9943665Z drift_gate/tests/test_self_audit.py::TestChecklistParser::test_empty_document PASSED [ 84%]
test (ubuntu-latest, 3.11)	Run pytest	2026-10-01T08:02:31.9949112Z drift_gate/tests/test_self_audit.py::TestChecklistParser::test_document_with_only_headings PASSED [ 84%]
test (ubuntu-latest, 3.11)	Run pytest	2026-10-01T08:02:31.9958718Z drift_gate/tests/test_self_audit.py::TestDiffEvidence::test_from_raw_extracts_changed_files PASSED [ 84%]
test (ubuntu-latest, 3.11)	Run pytest	2026-10-01T08:02:31.9964170Z drift_gate/tests/test_self_audit.py::TestDiffEvidence::test_from_raw_extracts_added_functions PASSED [ 84%]
test (ubuntu-latest, 3.11)	Run pytest	2026-10-01T08:02:31.9969572Z drift_gate/tests/test_self_audit.py::TestDiffEvidence::test_from_raw_extracts_added_classes PASSED [ 84%]
test (ubuntu-latest, 3.11)	Run pytest	2026-10-01T08:02:31.9974778Z drift_gate/tests/test_self_audit.py::TestDiffEvidence::test_from_raw_extracts_test_names PASSED [ 84%]
test (ubuntu-latest, 3.11)	Run pytest	2026-10-01T08:02:31.9980184Z drift_gate/tests/test_self_audit.py::TestDiffEvidence::test_from_raw_ignores_removed_lines PASSED [ 84%]
test (ubuntu-latest, 3.11)	Run pytest	2026-10-01T08:02:31.9985932Z drift_gate/tests/test_self_audit.py::TestMatcher::test_checked_item_with_matching_file_is_supported PASSED [ 85%]
test (ubuntu-latest, 3.11)	Run pytest	2026-10-01T08:02:31.9991766Z drift_gate/tests/test_self_audit.py::TestMatcher::test_checked_item_without_evidence_is_unsupported PASSED [ 85%]
test (ubuntu-latest, 3.11)	Run pytest	2026-10-01T08:02:31.9997368Z drift_gate/tests/test_self_audit.py::TestMatcher::test_checklist_code_mismatch_warning_on_unsupported PASSED [ 85%]
test (ubuntu-latest, 3.11)	Run pytest	2026-10-01T08:02:32.0003287Z drift_gate/tests/test_self_audit.py::TestMatcher::test_unchecked_item_is_status_unchecked PASSED [ 85%]
test (ubuntu-latest, 3.11)	Run pytest	2026-10-01T08:02:32.0008311Z drift_gate/tests/test_self_audit.py::TestMatcher::test_missing_progress_entry_warning PASSED [ 85%]
test (ubuntu-latest, 3.11)	Run pytest	2026-10-01T08:02:32.0013602Z drift_gate/tests/test_self_audit.py::TestMatcher::test_no_missing_progress_for_non_source_files PASSED [ 85%]
test (ubuntu-latest, 3.11)	Run pytest	2026-10-01T08:02:32.0018816Z drift_gate/tests/test_self_audit.py::TestMatcher::test_evidence_includes_file_path PASSED [ 86%]
test (ubuntu-latest, 3.11)	Run pytest	2026-10-01T08:02:32.0024160Z drift_gate/tests/test_self_audit.py::TestMatcher::test_evidence_includes_function_name PASSED [ 86%]
test (ubuntu-latest, 3.11)	Run pytest	2026-10-01T08:02:32.0029604Z drift_gate/tests/test_self_audit.py::TestMatcher::test_to_dict_structure PASSED [ 86%]
test (ubuntu-latest, 3.11)	Run pytest	2026-10-01T08:02:32.0035312Z drift_gate/tests/test_self_audit.py::TestMatcher::test_multiple_items_mixed PASSED [ 86%]
test (ubuntu-latest, 3.11)	Run pytest	2026-10-01T08:02:32.0041820Z drift_gate/tests/test_self_audit.py::TestFixtureScenarios::test_fixture_supported PASSED [ 86%]
test (ubuntu-latest, 3.11)	Run pytest	2026-10-01T08:02:32.0048066Z drift_gate/tests/test_self_audit.py::TestFixtureScenarios::test_fixture_unsupported PASSED [ 86%]
test (ubuntu-latest, 3.11)	Run pytest	2026-10-01T08:02:32.0054073Z drift_gate/tests/test_self_audit.py::TestFixtureScenarios::test_fixture_missing_progress_entry PASSED [ 86%]
test (ubuntu-latest, 3.11)	Run pytest	2026-10-01T08:02:32.0060252Z drift_gate/tests/test_self_audit.py::TestTableCellParser::test_3col_table_checked_count PASSED [ 87%]
test (ubuntu-latest, 3.11)	Run pytest	2026-10-01T08:02:32.0066252Z drift_gate/tests/test_self_audit.py::TestTableCellParser::test_3col_table_unchecked_count PASSED [ 87%]
test (ubuntu-latest, 3.11)	Run pytest	2026-10-01T08:02:32.0072079Z drift_gate/tests/test_self_audit.py::TestTableCellParser::test_2col_table_checked PASSED [ 87%]
test (ubuntu-latest, 3.11)	Run pytest	2026-10-01T08:02:32.0078299Z drift_gate/tests/test_self_audit.py::TestTableCellParser::test_table_item_has_section PASSED [ 87%]
test (ubuntu-latest, 3.11)	Run pytest	2026-10-01T08:02:32.0084256Z drift_gate/tests/test_self_audit.py::TestTableCellParser::test_table_item_text_contains_subject PASSED [ 87%]
test (ubuntu-latest, 3.11)	Run pytest	2026-10-01T08:02:32.0090330Z drift_gate/tests/test_self_audit.py::TestTableCellParser::test_mixed_table_and_list PASSED [ 87%]
test (ubuntu-latest, 3.11)	Run pytest	2026-10-01T08:02:32.0096375Z drift_gate/tests/test_semantic_adapter.py::test_typescript_route_signal_from_patch PASSED [ 87%]
test (ubuntu-latest, 3.11)	Run pytest	2026-10-01T08:02:32.0122002Z drift_gate/tests/test_semantic_adapter.py::test_tree_sitter_grammar_is_available FAILED [ 88%]
test (ubuntu-latest, 3.11)	Run pytest	2026-10-01T08:02:32.0128106Z drift_gate/tests/test_semantic_adapter.py::test_python_route_signal_from_patch PASSED [ 88%]
test (ubuntu-latest, 3.11)	Run pytest	2026-10-01T08:02:32.0133787Z drift_gate/tests/test_semantic_adapter.py::test_python_cli_signal_from_patch PASSED [ 88%]
test (ubuntu-latest, 3.11)	Run pytest	2026-10-01T08:02:32.0139450Z drift_gate/tests/test_semantic_adapter.py::test_typescript_schema_signal_from_patch PASSED [ 88%]
test (ubuntu-latest, 3.11)	Run pytest	2026-10-01T08:02:32.0144884Z drift_gate/tests/test_semantic_adapter.py::test_config_schema_signal_from_patch PASSED [ 88%]
test (ubuntu-latest, 3.11)	Run pytest	2026-10-01T08:02:32.0150488Z drift_gate/tests/test_semantic_adapter.py::test_sdk_public_contract_signal_from_patch PASSED [ 88%]
test (ubuntu-latest, 3.11)	Run pytest	2026-10-01T08:02:32.0156949Z drift_gate/tests/test_semantic_adapter.py::test_go_java_kotlin_ruby_semantic_signals PASSED [ 89%]
test (ubuntu-latest, 3.11)	Run pytest	2026-10-01T08:02:32.0162989Z drift_gate/tests/test_semantic_adapter.py::test_openapi_and_db_model_semantic_signals PASSED [ 89%]
test (ubuntu-latest, 3.11)	Run pytest	2026-10-01T08:02:32.0169868Z drift_gate/tests/test_subscription_review.py::test_prompt_contains_passed_changes_and_excludes_env_values PASSED [ 89%]
test (ubuntu-latest, 3.11)	Run pytest	2026-10-01T08:02:32.0181553Z drift_gate/tests/test_subscription_review.py::test_large_prompt_discloses_omissions PASSED [ 89%]
test (ubuntu-latest, 3.11)	Run pytest	2026-10-01T08:02:32.0188476Z drift_gate/tests/test_subscription_review.py::test_invalid_review_never_becomes_a_pass[not json] PASSED [ 89%]
test (ubuntu-latest, 3.11)	Run pytest	2026-10-01T08:02:32.0194978Z drift_gate/tests/test_subscription_review.py::test_invalid_review_never_becomes_a_pass[data1] PASSED [ 89%]
test (ubuntu-latest, 3.11)	Run pytest	2026-10-01T08:02:32.0201120Z drift_gate/tests/test_subscription_review.py::test_invalid_review_never_becomes_a_pass[data2] PASSED [ 89%]
test (ubuntu-latest, 3.11)	Run pytest	2026-10-01T08:02:32.0207279Z drift_gate/tests/test_subscription_review.py::test_invalid_review_never_becomes_a_pass[data3] PASSED [ 90%]
test (ubuntu-latest, 3.11)	Run pytest	2026-10-01T08:02:32.0213166Z drift_gate/tests/test_subscription_review.py::test_invalid_review_never_becomes_a_pass[data4] PASSED [ 90%]
test (ubuntu-latest, 3.11)	Run pytest	2026-10-01T08:02:32.0225905Z drift_gate/tests/test_subscription_review.py::test_official_cli_protocol_and_subscription_auth[codex] PASSED [ 90%]
test (ubuntu-latest, 3.11)	Run pytest	2026-10-01T08:02:32.0237589Z drift_gate/tests/test_subscription_review.py::test_official_cli_protocol_and_subscription_auth[claude] PASSED [ 90%]
test (ubuntu-latest, 3.11)	Run pytest	2026-10-01T08:02:32.0246915Z drift_gate/tests/test_subscription_review.py::test_api_login_does_not_trigger_subscription_review PASSED [ 90%]
test (ubuntu-latest, 3.11)	Run pytest	2026-10-01T08:02:32.0264692Z drift_gate/tests/test_subscription_review.py::test_cancel_kills_process PASSED [ 90%]
test (ubuntu-latest, 3.11)	Run pytest	2026-10-01T08:02:32.2293018Z drift_gate/tests/test_subscription_review.py::test_timeout_is_not_a_pass PASSED [ 90%]
test (ubuntu-latest, 3.11)	Run pytest	2026-10-01T08:02:32.2303498Z drift_gate/tests/test_subscription_review.py::test_sensitive_html_is_escaped SKIPPED [ 91%]
test (ubuntu-latest, 3.11)	Run pytest	2026-10-01T08:02:32.2320834Z drift_gate/tests/test_subscription_review.py::test_windows_npm_shim_uses_node_without_shell PASSED [ 91%]
test (ubuntu-latest, 3.11)	Run pytest	2026-10-01T08:02:32.2327876Z drift_gate/tests/test_validator.py::TestValidator::test_valid_policy_no_errors PASSED [ 91%]
test (ubuntu-latest, 3.11)	Run pytest	2026-10-01T08:02:32.2333758Z drift_gate/tests/test_validator.py::TestValidator::test_policy_enrichment_config_parses PASSED [ 91%]
test (ubuntu-latest, 3.11)	Run pytest	2026-10-01T08:02:32.2339465Z drift_gate/tests/test_validator.py::TestValidator::test_cross_file_relation_validates_group_references PASSED [ 91%]
test (ubuntu-latest, 3.11)	Run pytest	2026-10-01T08:02:32.2344955Z drift_gate/tests/test_validator.py::TestValidator::test_cross_file_relation_rejects_unknown_group PASSED [ 91%]
test (ubuntu-latest, 3.11)	Run pytest	2026-10-01T08:02:32.2350443Z drift_gate/tests/test_validator.py::TestValidator::test_duplicate_rule_id PASSED [ 92%]
test (ubuntu-latest, 3.11)	Run pytest	2026-10-01T08:02:32.2355729Z drift_gate/tests/test_validator.py::TestValidator::test_invalid_severity PASSED [ 92%]
test (ubuntu-latest, 3.11)	Run pytest	2026-10-01T08:02:32.2361277Z drift_gate/tests/test_validator.py::TestValidator::test_empty_when_any_changed PASSED [ 92%]
test (ubuntu-latest, 3.11)	Run pytest	2026-10-01T08:02:32.2366624Z drift_gate/tests/test_validator.py::TestValidator::test_invalid_min_change_intensity PASSED [ 92%]
test (ubuntu-latest, 3.11)	Run pytest	2026-10-01T08:02:32.2372226Z drift_gate/tests/test_validator.py::TestValidator::test_when_pattern_covered_by_ignore_paths_warns PASSED [ 92%]
test (ubuntu-latest, 3.11)	Run pytest	2026-10-01T08:02:32.2379305Z drift_gate/tests/test_validator.py::TestValidator::test_require_path_covered_by_ignore_paths_warns PASSED [ 92%]
test (ubuntu-latest, 3.11)	Run pytest	2026-10-01T08:02:32.2384858Z drift_gate/tests/test_validator.py::TestValidator::test_raise_if_errors PASSED [ 92%]
test (ubuntu-latest, 3.11)	Run pytest	2026-10-01T08:02:32.2404960Z drift_gate/tests/test_validator.py::TestValidator::test_loader_surfaces_errors PASSED [ 93%]
test (ubuntu-latest, 3.11)	Run pytest	2026-10-01T08:02:32.2413416Z drift_gate/tests/test_validator.py::TestEdgeCases::test_renamed_file_triggers_when_via_previous_path PASSED [ 93%]
test (ubuntu-latest, 3.11)	Run pytest	2026-10-01T08:02:32.2420918Z drift_gate/tests/test_validator.py::TestEdgeCases::test_renamed_file_can_satisfy_require PASSED [ 93%]
test (ubuntu-latest, 3.11)	Run pytest	2026-10-01T08:02:32.2428780Z drift_gate/tests/test_validator.py::TestEdgeCases::test_deleted_file_does_not_satisfy_all_changed PASSED [ 93%]
test (ubuntu-latest, 3.11)	Run pytest	2026-10-01T08:02:32.2436255Z drift_gate/tests/test_validator.py::TestEdgeCases::test_deleted_file_does_not_satisfy_any_changed PASSED [ 93%]
test (ubuntu-latest, 3.11)	Run pytest	2026-10-01T08:02:32.2443839Z drift_gate/tests/test_validator.py::TestEdgeCases::test_ignore_paths_excludes_from_require_satisfaction PASSED [ 93%]
test (ubuntu-latest, 3.11)	Run pytest	2026-10-01T08:02:32.2450016Z drift_gate/tests/test_validator.py::TestEdgeCases::test_ignore_paths_excludes_from_trigger PASSED [ 93%]
test (ubuntu-latest, 3.11)	Run pytest	2026-10-01T08:02:32.2456749Z drift_gate/tests/test_validator.py::TestGitAdapter::test_local_git_adapter_preserves_patch PASSED [ 94%]
test (ubuntu-latest, 3.11)	Run pytest	2026-10-01T08:02:32.2465271Z drift_gate/tests/test_validator.py::TestGitAdapter::test_git_adapter_skips_binary_and_large_patches PASSED [ 94%]
test (ubuntu-latest, 3.11)	Run pytest	2026-10-01T08:02:32.2473863Z drift_gate/tests/test_validator.py::TestGitAdapter::test_core_scan_metrics_supports_large_pr PASSED [ 94%]
test (ubuntu-latest, 3.11)	Run pytest	2026-10-01T08:02:32.2480484Z drift_gate/tests/test_validator.py::TestChangeIntensity::test_comment_only_patch_does_not_trigger_signature_rule PASSED [ 94%]
test (ubuntu-latest, 3.11)	Run pytest	2026-10-01T08:02:32.2490215Z drift_gate/tests/test_validator.py::TestChangeIntensity::test_signature_patch_triggers_signature_rule PASSED [ 94%]
test (ubuntu-latest, 3.11)	Run pytest	2026-10-01T08:02:32.2499043Z drift_gate/tests/test_validator.py::TestChangeIntensity::test_impl_patch_triggers_impl_rule PASSED [ 94%]
test (ubuntu-latest, 3.11)	Run pytest	2026-10-01T08:02:32.2506575Z drift_gate/tests/test_validator.py::TestChangeIntensity::test_env_key_patch_triggers_config_key_rule PASSED [ 95%]
test (ubuntu-latest, 3.11)	Run pytest	2026-10-01T08:02:32.2515073Z drift_gate/tests/test_validator.py::TestChangeIntensity::test_route_patch_triggers_route_contract_rule PASSED [ 95%]
test (ubuntu-latest, 3.11)	Run pytest	2026-10-01T08:02:32.2524502Z drift_gate/tests/test_validator.py::TestChangeIntensity::test_route_method_and_path_param_change_triggers_route_contract_rule PASSED [ 95%]
test (ubuntu-latest, 3.11)	Run pytest	2026-10-01T08:02:32.2533449Z drift_gate/tests/test_validator.py::TestChangeIntensity::test_request_response_schema_change_triggers_route_contract_rule PASSED [ 95%]
test (ubuntu-latest, 3.11)	Run pytest	2026-10-01T08:02:32.2543136Z drift_gate/tests/test_validator.py::TestChangeIntensity::test_sdk_client_contract_change_triggers_api_rule PASSED [ 95%]
test (ubuntu-latest, 3.11)	Run pytest	2026-10-01T08:02:32.2551612Z drift_gate/tests/test_validator.py::TestChangeIntensity::test_db_patch_triggers_db_schema_rule PASSED [ 95%]
test (ubuntu-latest, 3.11)	Run pytest	2026-10-01T08:02:32.2560729Z drift_gate/tests/test_validator.py::TestChangeIntensity::test_db_nullable_default_and_index_change_triggers_db_schema_rule PASSED [ 95%]
test (ubuntu-latest, 3.11)	Run pytest	2026-10-01T08:02:32.2568318Z drift_gate/tests/test_validator.py::TestChangeIntensity::test_auth_patch_triggers_auth_policy_rule PASSED [ 96%]
test (ubuntu-latest, 3.11)	Run pytest	2026-10-01T08:02:32.2575759Z drift_gate/tests/test_validator.py::TestChangeIntensity::test_ci_secret_patch_triggers_ci_secret_rule PASSED [ 96%]
test (ubuntu-latest, 3.11)	Run pytest	2026-10-01T08:02:32.2583964Z drift_gate/tests/test_validator.py::TestChangeIntensity::test_env_secret_rename_and_config_schema_triggers_config_rule PASSED [ 96%]
test (ubuntu-latest, 3.11)	Run pytest	2026-10-01T08:02:32.2594749Z drift_gate/tests/test_validator.py::TestChangeIntensity::test_deploy_docker_and_terraform_changes_trigger_ci_rule PASSED [ 96%]
test (ubuntu-latest, 3.11)	Run pytest	2026-10-01T08:02:32.2603461Z drift_gate/tests/test_validator.py::TestChangeIntensity::test_auth_middleware_and_policy_file_change_trigger_auth_rule PASSED [ 96%]
test (ubuntu-latest, 3.11)	Run pytest	2026-10-01T08:02:32.2612067Z drift_gate/tests/test_validator.py::TestChangeIntensity::test_cli_breaking_behavior_triggers_cli_rule PASSED [ 96%]
test (ubuntu-latest, 3.11)	Run pytest	2026-10-01T08:02:32.2619834Z drift_gate/tests/test_validator.py::TestChangeIntensity::test_public_cli_patch_triggers_cli_rule PASSED [ 96%]
test (ubuntu-latest, 3.11)	Run pytest	2026-10-01T08:02:32.2627014Z drift_gate/tests/test_validator.py::TestChangeIntensity::test_semantic_signal_overrides_patch_fallback PASSED [ 97%]
test (ubuntu-latest, 3.11)	Run pytest	2026-10-01T08:02:32.4069047Z drift_gate/tests/test_validator.py::TestClaudeEnricherFallback::test_fallback_checklist_preserved_on_api_failure PASSED [ 97%]
test (ubuntu-latest, 3.11)	Run pytest	2026-10-01T08:02:32.4077824Z drift_gate/tests/test_validator.py::TestClaudeEnricherFallback::test_enricher_parses_extended_fields PASSED [ 97%]
test (ubuntu-latest, 3.11)	Run pytest	2026-10-01T08:02:32.4085355Z drift_gate/tests/test_validator.py::TestMarkdownReporterEdgeCases::test_rejected_ignores_section_present PASSED [ 97%]
test (ubuntu-latest, 3.11)	Run pytest	2026-10-01T08:02:32.4093702Z drift_gate/tests/test_validator.py::TestMarkdownReporterEdgeCases::test_medium_confidence_shows_추정_label PASSED [ 97%]
test (ubuntu-latest, 3.11)	Run pytest	2026-10-01T08:02:32.4100623Z drift_gate/tests/test_validator.py::TestMarkdownReporterEdgeCases::test_skipped_rules_section_present PASSED [ 97%]
test (ubuntu-latest, 3.11)	Run pytest	2026-10-01T08:02:32.4118290Z drift_gate/tests/test_verification_records.py::test_junit_and_vitest_results_are_normalized PASSED [ 98%]
test (ubuntu-latest, 3.11)	Run pytest	2026-10-01T08:02:32.4142594Z drift_gate/tests/test_verification_records.py::test_unsafe_or_unknown_files_are_rejected PASSED [ 98%]
test (ubuntu-latest, 3.11)	Run pytest	2026-10-01T08:02:32.4148023Z drift_gate/tests/test_verification_records.py::test_patterns_are_cleaned_and_limited PASSED [ 98%]
test (ubuntu-latest, 3.11)	Run pytest	2026-10-01T08:02:32.4153869Z drift_gate/tests/test_verification_records.py::test_items_link_to_tests_by_pattern_or_req_marker PASSED [ 98%]
test (ubuntu-latest, 3.11)	Run pytest	2026-10-01T08:02:32.4396902Z drift_gate/tests/test_verification_records.py::test_link_test_results_reads_the_saved_baseline_and_validates_patterns PASSED [ 98%]
test (ubuntu-latest, 3.11)	Run pytest	2026-10-01T08:02:32.4409770Z drift_gate/tests/test_verification_records.py::test_windows_style_suite_paths_are_reduced_to_the_file_name PASSED [ 98%]
test (ubuntu-latest, 3.11)	Run pytest	2026-10-01T08:02:32.4423947Z drift_gate/tests/test_verification_records.py::test_results_older_than_the_evidence_code_are_flagged PASSED [ 98%]
test (ubuntu-latest, 3.11)	Run pytest	2026-10-01T08:02:32.4430058Z drift_gate/tests/test_verification_records.py::test_test_file_detection_by_name_and_folder PASSED [ 99%]
test (ubuntu-latest, 3.11)	Run pytest	2026-10-01T08:02:32.4443599Z drift_gate/tests/test_verification_records.py::test_pattern_typos_are_found_without_a_result_file PASSED [ 99%]
test (ubuntu-latest, 3.11)	Run pytest	2026-10-01T08:02:32.4991110Z drift_gate/tests/test_verification_records.py::test_test_links_and_hints_follow_document_role_changes[past] PASSED [ 99%]
test (ubuntu-latest, 3.11)	Run pytest	2026-10-01T08:02:32.5528745Z drift_gate/tests/test_verification_records.py::test_test_links_and_hints_follow_document_role_changes[future] PASSED [ 99%]
test (ubuntu-latest, 3.11)	Run pytest	2026-10-01T08:02:32.6067885Z drift_gate/tests/test_verification_records.py::test_test_links_and_hints_follow_document_role_changes[reference] PASSED [ 99%]
test (ubuntu-latest, 3.11)	Run pytest	2026-10-01T08:02:32.6503149Z drift_gate/tests/test_verification_records.py::test_test_links_and_hints_keep_shared_goal_in_current_scope PASSED [ 99%]
test (ubuntu-latest, 3.11)	Run pytest	2026-10-01T08:02:32.6899067Z drift_gate/tests/test_verification_records.py::test_test_links_and_hints_respect_inspected_scope_metadata PASSED [100%]
test (ubuntu-latest, 3.11)	Run pytest	2026-10-01T08:02:32.6899599Z
test (ubuntu-latest, 3.11)	Run pytest	2026-10-01T08:02:32.6899753Z =================================== FAILURES ===================================
test (ubuntu-latest, 3.11)	Run pytest	2026-10-01T08:02:32.6900512Z _________ test_grammar_failure_is_visible_without_changing_rule_result _________
test (ubuntu-latest, 3.11)	Run pytest	2026-10-01T08:02:32.6901111Z drift_gate/tests/test_development_regressions.py:62: in test_grammar_failure_is_visible_without_changing_rule_result
test (ubuntu-latest, 3.11)	Run pytest	2026-10-01T08:02:32.6901648Z     assert "RuntimeError" in file.analysis_reason
test (ubuntu-latest, 3.11)	Run pytest	2026-10-01T08:02:32.6902070Z E   assert 'RuntimeError' in 'Tree-sitter unavailable; using patch heuristics'
test (ubuntu-latest, 3.11)	Run pytest	2026-10-01T08:02:32.6903818Z E    +  where 'Tree-sitter unavailable; using patch heuristics' = ChangedFile(path='src/routes/users.py', status='modified', previous_path=None, patch="-@app.get('/users')\n+@app.get('/members')\n", semantic_signals=['route-contract-change'], semantic_evidence=['Python route decorator changed', 'Tree-sitter unavailable; using patch heuristics'], analysis_method='heuristic', analysis_reason='Tree-sitter unavailable; using patch heuristics', documented_env_keys=None).analysis_reason
test (ubuntu-latest, 3.11)	Run pytest	2026-10-01T08:02:32.6905523Z ____________________ test_valid_grammar_status_and_unicode _____________________
test (ubuntu-latest, 3.11)	Run pytest	2026-10-01T08:02:32.6906461Z drift_gate/tests/test_development_regressions.py:71: in test_valid_grammar_status_and_unicode
test (ubuntu-latest, 3.11)	Run pytest	2026-10-01T08:02:32.6907085Z     assert enriched.analysis_method == "grammar+heuristic"
test (ubuntu-latest, 3.11)	Run pytest	2026-10-01T08:02:32.6907497Z E   AssertionError: assert 'heuristic' == 'grammar+heuristic'
test (ubuntu-latest, 3.11)	Run pytest	2026-10-01T08:02:32.6907809Z E
test (ubuntu-latest, 3.11)	Run pytest	2026-10-01T08:02:32.6908019Z E     - grammar+heuristic
test (ubuntu-latest, 3.11)	Run pytest	2026-10-01T08:02:32.6908248Z E     + heuristic
test (ubuntu-latest, 3.11)	Run pytest	2026-10-01T08:02:32.6908545Z ____________________ test_tree_sitter_grammar_is_available _____________________
test (ubuntu-latest, 3.11)	Run pytest	2026-10-01T08:02:32.6909029Z drift_gate/tests/test_semantic_adapter.py:23: in test_tree_sitter_grammar_is_available
test (ubuntu-latest, 3.11)	Run pytest	2026-10-01T08:02:32.6909442Z     assert TREE_SITTER_AVAILABLE is True
test (ubuntu-latest, 3.11)	Run pytest	2026-10-01T08:02:32.6909717Z E   assert False is True
test (ubuntu-latest, 3.11)	Run pytest	2026-10-01T08:02:32.6910013Z =========================== short test summary info ============================
test (ubuntu-latest, 3.11)	Run pytest	2026-10-01T08:02:32.6910837Z FAILED drift_gate/tests/test_development_regressions.py::test_grammar_failure_is_visible_without_changing_rule_result - assert 'RuntimeError' in 'Tree-sitter unavailable; using patch heuristics'
test (ubuntu-latest, 3.11)	Run pytest	2026-10-01T08:02:32.6912909Z  +  where 'Tree-sitter unavailable; using patch heuristics' = ChangedFile(path='src/routes/users.py', status='modified', previous_path=None, patch="-@app.get('/users')\n+@app.get('/members')\n", semantic_signals=['route-contract-change'], semantic_evidence=['Python route decorator changed', 'Tree-sitter unavailable; using patch heuristics'], analysis_method='heuristic', analysis_reason='Tree-sitter unavailable; using patch heuristics', documented_env_keys=None).analysis_reason
test (ubuntu-latest, 3.11)	Run pytest	2026-10-01T08:02:32.6914819Z FAILED drift_gate/tests/test_development_regressions.py::test_valid_grammar_status_and_unicode - AssertionError: assert 'heuristic' == 'grammar+heuristic'
test (ubuntu-latest, 3.11)	Run pytest	2026-10-01T08:02:32.6915426Z
test (ubuntu-latest, 3.11)	Run pytest	2026-10-01T08:02:32.6915622Z   - grammar+heuristic
test (ubuntu-latest, 3.11)	Run pytest	2026-10-01T08:02:32.6915846Z   + heuristic
test (ubuntu-latest, 3.11)	Run pytest	2026-10-01T08:02:32.6916391Z FAILED drift_gate/tests/test_semantic_adapter.py::test_tree_sitter_grammar_is_available - assert False is True
test (ubuntu-latest, 3.11)	Run pytest	2026-10-01T08:02:32.6917175Z =================== 3 failed, 661 passed, 3 skipped in 4.79s ===================
test (ubuntu-latest, 3.11)	Run pytest	2026-10-01T08:02:32.7481658Z ##[error]Process completed with exit code 1.
